time,position,velocity,current,voltage
4,0,0,0,0
14,0,0,38,1281
24,3,23.599999999999998,202,3320
34,5,60,551,5618
44,5,60,1230,6899
54,5,60,1861,5679
64,5,96.60000000000001,2104,4983
74,5,96.60000000000001,2440,6474
84,6,27,2817,6973
94,6,27,2778,5538
104,6,27,2324,4577
114,7,12.400000000000002,2421,6222
124,8,10.6,2729,6973
134,9,11.399999999999999,2681,5488
144,9,11.399999999999999,2262,4774
154,11,17.2,2425,6357
164,11,17.2,2750,6911
174,12,13.799999999999999,2621,6523
184,13,16.6,2332,6671
194,14,18.8,2604,6055
204,15,15.8,2581,6012
214,17,23.2,2396,7287
224,17,23.2,2431,7121
234,19,25.200000000000003,2467,6794
244,21,25.6,2365,7263
254,21,25.6,2653,6400
264,23,28,2530,6326
274,25,28.799999999999997,2468,7386
284,26,31.6,2697,6258
294,28,29.199999999999996,2578,5969
304,30,40.4,2385,7232
314,31,39.599999999999994,2647,6844
324,33,31.4,2593,6530
334,35,39,2386,7213
344,37,42.599999999999994,2535,7256
354,39,37,2626,6622
364,41,36.4,2412,6456
374,43,43,2477,7028
384,45,47.8,2535,7256
394,48,45.2,2457,7521
404,50,50,2482,7244
414,53,44.6,2532,7028
424,55,58,2585,7299
434,58,50,2630,7651
444,60,51.599999999999994,2656,7497
454,63,48.599999999999994,2596,7694
464,65,61.199999999999996,2630,7423
474,69,52.39999999999999,2627,7213
484,71,64.80000000000001,2580,7035
494,74,50.2,2538,6437
504,77,61.800000000000004,2444,6887
514,81,70,2407,7657
524,83,58.199999999999996,2474,7484
534,87,61.800000000000004,2437,6924
544,89,58.60000000000001,2381,7207
554,93,75.8,2527,7805
564,96,59.2,2570,6924
574,99,61.39999999999999,2447,6757
584,103,84.8,2420,7521
594,107,61.199999999999996,2526,7663
604,110,77.8,2490,7626
614,113,69,2410,7226
624,117,72.8,2449,7435
634,121,83.2,2494,7842
644,125,70.39999999999999,2476,7694
654,129,82.80000000000001,2500,7607
664,133,74,2483,7392
674,137,80.4,2512,7571
684,141,89.6,2546,7626
694,145,73.60000000000001,2504,7460
704,149,91.39999999999999,2479,8057
714,154,87.6,2511,8093
724,158,81.4,2584,7503
734,163,90.4,2490,7552
744,167,89,2482,7952
754,172,96.4,2558,8093
764,177,90.8,2485,8002
774,181,92.4,2455,7971
784,186,97.19999999999999,2512,8082
794,191,94.39999999999999,2558,7940
804,195,94,2560,7552
814,201,99.8,2508,7429
824,205,103.6,2508,7607
834,211,99,2517,7798
844,216,102.8,2480,7934
854,221,108.20000000000002,2459,8039
864,226,101.39999999999999,2476,8186
874,232,110.79999999999998,2515,8260
884,237,103.80000000000001,2547,7891
894,242,106.80000000000001,2518,7669
904,248,114.4,2489,8230
914,253,109,2549,8026
924,259,113.39999999999999,2515,7620
934,265,120.60000000000001,2427,7842
944,271,109,2445,8057
954,277,119.39999999999999,2490,8217
964,283,115.6,2434,8365
974,289,122.6,2481,8267
984,295,117.4,2513,7866
994,301,124,2482,8063
1004,307,127.4,2509,8482
1014,313,120.8,2512,8193
1024,319,128.2,2446,8093
1034,325,127.6,2444,8334
1044,332,122,2514,8581
1054,339,129.20000000000002,2518,8341
1064,345,125.2,2467,8076
1074,352,143.79999999999998,2486,8451
1084,358,125.79999999999998,2536,8193
1094,365,141.4,2477,8310
1104,371,141.60000000000002,2457,8870
1114,378,135.20000000000002,2529,8353
1124,385,140.39999999999998,2488,8291
1134,392,134.2,2457,8556
1144,399,146,2536,8334
1154,407,141.4,2504,8488
1164,413,148.4,2433,8612
1174,421,143,2513,8568
1184,428,153.60000000000002,2477,8679
1194,435,140,2470,8833
1204,443,156.8,2513,8809
1214,450,145.8,2500,8803
1224,458,159.60000000000002,2517,8852
1234,465,140.6,2529,8679
1244,473,163.8,2525,8827
1254,481,147.60000000000002,2536,8790
1264,489,161.6,2524,8679
1274,496,155.39999999999998,2507,8605
1284,505,162.60000000000002,2464,8821
1294,512,158.6,2514,9049
1304,521,161.2,2479,8920
1314,529,164.6,2483,8895
1324,537,160,2494,9123
1334,545,172.8,2551,8944
1344,553,162.4,2510,8747
1354,561,179.79999999999998,2483,8950
1364,569,158.79999999999998,2502,8981
1374,579,175,2483,9141
1384,587,165.60000000000002,2464,9086
1394,595,166.4,2490,8858
1404,604,181,2478,9043
1414,613,170.2,2477,9166
1424,621,188,2499,9166
1434,630,169.8,2475,9111
1444,639,183.20000000000002,2464,9338
1454,648,174.20000000000002,2504,9375
1464,657,180.4,2500,9345
1474,667,181,2490,9283
1484,675,190.4,2495,9271
1494,685,177,2520,9437
1504,693,180.8,2518,9037
1514,703,184.8,2485,9049
1524,713,182.79999999999998,2488,9511
1534,722,193.4,2519,9412
1544,731,183.4,2497,9283
1554,741,194,2432,9480
1564,751,200,2507,9523
1574,760,191.79999999999998,2508,9437
1584,770,196,2453,9542
1594,780,198,2492,9566
1604,790,200.59999999999997,2503,9597
1614,800,204.2,2492,9634
1624,810,202,2497,9462
1634,820,195.60000000000002,2492,9468
1644,830,201,2477,9677
1654,841,210,2496,9640
1664,851,195.8,2485,9425
1674,861,214.4,2445,9579
1684,871,200,2490,9634
1694,881,212.8,2497,9523
1704,892,199.79999999999998,2470,9757
1714,903,218.39999999999998,2491,9757
1724,913,213.8,2511,9763
1734,924,211,2500,9887
1744,935,209.39999999999998,2497,9868
1754,945,221.2,2534,9690
1764,957,217.79999999999998,2480,9653
1774,967,214.79999999999998,2503,9930
1784,979,214.6,2506,9954
1794,989,230.59999999999997,2504,9696
1804,1001,220.6,2458,9794
1814,1012,213.8,2482,9961
1824,1023,227.8,2506,9924
1834,1034,226.4,2479,9813
1844,1046,233.8,2469,10010
1854,1057,220.4,2528,9911
1864,1069,230.2,2505,9887
1874,1080,225.8,2486,10034
1884,1092,241.20000000000002,2492,9856
1894,1103,231.2,2499,9819
1904,1115,238.6,2450,10232
1914,1127,224.59999999999997,2523,9868
1924,1139,252.8,2460,9782
1934,1151,237,2453,10158
1944,1163,237.40000000000003,2491,9973
1954,1175,240,2497,10059
1964,1187,232.79999999999998,2441,10342
1974,1199,245.59999999999997,2519,10182
1984,1211,244.6,2497,10188
1994,1223,254.39999999999998,2481,10281
2004,1235,240.2,2523,10096
2014,1248,246.8,2474,10275
2024,1261,240.40000000000003,2460,10355
2034,1273,253.20000000000002,2483,10355
2044,1286,254.39999999999998,2480,10416
2054,1299,257,2485,10244
2064,1311,255.60000000000002,2507,10306
2074,1323,247.20000000000002,2492,10460
2084,1337,265.79999999999995,2513,10447
2094,1349,239.39999999999998,2494,10306
2104,1363,265.79999999999995,2479,10460
2114,1375,253.20000000000002,2530,10361
2124,1389,278.2,2489,10262
2134,1401,259.6,2472,10552
2144,1415,263.2,2497,10429
2154,1428,263.2,2492,10256
2164,1441,259.20000000000005,2441,10441
2174,1455,265.20000000000005,2501,10552
2184,1467,268.6,2512,10336
2194,1481,267.8,2462,10564
2204,1495,260.4,2506,10441
2214,1508,277.20000000000005,2523,10632
2224,1522,267.6,2502,10577
2234,1535,281.4,2491,10336
2244,1549,275,2513,10718
2254,1563,272.2,2513,10392
2264,1577,279,2510,10324
2274,1591,295.20000000000005,2442,10749
2284,1605,282.40000000000003,2495,10429
2294,1619,288.8,2494,10583
2304,1633,269.59999999999997,2438,10558
2314,1647,285.40000000000003,2482,10410
2324,1661,289.6,2495,10866
2334,1675,279.8,2480,10700
2344,1690,290.2,2534,10657
2354,1704,280,2487,10743
2364,1719,286.6,2534,10650
2374,1733,283.79999999999995,2537,10848
2384,1748,287,2507,10817
2394,1762,296.4,2539,10669
2404,1777,282.2,2534,10841
2414,1791,299,2536,10743
2424,1807,303.6,2554,10934
2434,1821,290.8,2534,10922
2444,1836,308.2,2543,10681
2454,1851,295.20000000000005,2543,11008
2464,1867,296.8,2533,10971
2474,1881,303.6,2561,10940
2484,1897,290.59999999999997,2517,10928
2494,1911,296.59999999999997,2517,10829
2504,1927,302,2536,11057
2514,1942,295.6,2496,10971
2524,1957,302.8,2516,10934
2534,1973,312,2504,10989
2544,1988,316.4,2504,10712
2554,2004,312.6,2462,10946
2564,2019,312.40000000000003,2444,10989
2574,2035,320,2461,10823
2584,2051,305.2,2446,11112
2594,2067,311.2,2434,10798
2604,2082,319.20000000000005,2455,10934
2614,2098,307.6,2440,11119
2624,2114,319.79999999999995,2463,11020
2634,2130,330.6,2464,11322
2644,2146,311,2449,11125
2654,2162,319.20000000000005,2509,11045
2664,2178,308.8,2502,11248
2674,2194,324.8,2501,10983
2684,2211,329.59999999999997,2468,11057
2694,2227,317.2,2419,11230
2704,2243,332.4,2470,10995
2714,2259,335,2413,11143
2724,2276,329.4,2389,11322
2734,2292,327.2,2479,11273
2744,2309,328.20000000000005,2469,11211
2754,2325,328.6,2457,11236
2764,2343,335.4,2510,11414
2774,2359,337,2503,11328
2784,2376,341,2494,11211
2794,2393,330.2,2482,11402
2804,2409,332.8,2499,11464
2814,2426,330.8,2508,11476
2824,2443,343,2507,11285
2834,2460,346,2494,11322
2844,2478,349.4,2499,11513
2854,2495,324.8,2494,11347
2864,2512,337.79999999999995,2480,11273
2874,2529,336.8,2457,11439
2884,2547,354.8,2501,11525
2894,2564,345.40000000000003,2514,11544
2904,2581,350.59999999999997,2492,11279
2914,2599,358.79999999999995,2489,11365
2924,2617,347,2471,11538
2934,2634,346,2474,11544
2944,2651,347.2,2460,11371
2954,2669,371.59999999999997,2404,11334
2964,2687,358.6,2441,11581
2974,2705,346.4,2454,11451
2984,2723,367.20000000000005,2424,11390
2994,2741,361.79999999999995,2386,11550
3004,2758,362.2,2429,11470
3014,2776,350.2,2431,11433
3024,2795,351.40000000000003,2416,11544
3034,2813,379.79999999999995,2450,11667
3044,2831,369.2,2456,11587
3054,2849,354.40000000000003,2447,11531
3064,2867,369.8,2472,11568
3074,2885,364,2458,11581
3084,2904,363.6,2449,11624
3094,2922,375,2441,11531
3104,2941,375.40000000000003,2427,11562
3114,2959,375,2388,11642
3124,2978,367.4,2411,11618
3134,2997,361,2419,11636
3144,3015,380.8,2390,11611
3154,3034,380.8,2389,11587
3164,3053,386.19999999999993,2417,11636
3174,3071,368.2,2414,11642
3184,3091,386.40000000000003,2371,11587
3194,3109,374.4,2358,11630
3204,3128,369,2382,11636
3214,3147,388,2374,11618
3224,3167,405.80000000000007,2317,11599
3234,3185,383.2,2324,11581
3244,3205,382.6,2327,11618
3254,3225,389.19999999999993,2286,11685
3264,3243,373,2276,11673
3274,3263,386.19999999999993,2299,11618
3284,3282,389.40000000000003,2280,11587
3294,3301,395.40000000000003,2256,11605
3304,3321,394.6,2249,11574
3314,3341,390.80000000000007,2239,11624
3324,3360,389.19999999999993,2202,11667
3334,3379,378.8,2194,11661
3344,3399,402,2213,11642
3354,3419,397.6,2205,11630
3364,3439,401.6,2179,11618
3374,3459,401.19999999999993,2182,11587
3384,3478,390.59999999999997,2191,11605
3394,3498,390.59999999999997,2163,11611
3404,3518,402.2,2151,11618
3414,3539,408,2174,11655
3424,3559,395.8,2163,11747
3434,3579,396.80000000000007,2144,11661
3444,3599,400,2161,11605
3454,3619,404.40000000000003,2153,11624
3464,3639,423.4,2125,11679
3474,3659,395.8,2129,11648
3484,3679,405.2,2122,11624
3494,3700,415.6,2093,11648
3504,3721,395,2095,11673
3514,3741,405,2124,11655
3524,3761,421.79999999999995,2102,11648
3534,3782,411.59999999999997,2073,11636
3544,3803,401.19999999999993,2082,11630
3554,3823,429.80000000000007,2075,11636
3564,3844,419.19999999999993,2034,11655
3574,3864,409.4,2040,11618
3584,3885,431.8,2054,11648
3594,3906,420.80000000000007,2021,11667
3604,3927,400.79999999999995,2003,11599
3614,3948,419.6,2006,11605
3624,3969,423.80000000000007,1980,11648
3634,3979,419.40000000000003,1970,11655
3644,4011,403.79999999999995,1999,11685
3654,4032,432,1994,11673
3664,4053,427.6,1987,11673
3674,4074,409.20000000000005,2006,11636
3684,4095,430.20000000000005,1999,11673
3694,4117,435.80000000000007,1948,11673
3704,4138,431.8,1959,11735
3714,4159,423.2,1972,11765
3724,4181,431.6,1942,11692
3734,4202,422,1946,11655
3744,4223,450,1966,11747
3754,4245,438.4,1958,11821
3764,4267,420.59999999999997,1943,11741
3774,4277,431.40000000000003,1947,11685
3784,4310,426.80000000000007,1926,11636
3794,4331,431,1899,11630
3804,4343,431.6,1897,11648
3814,4364,431.19999999999993,1896,11692
3824,4386,450.80000000000007,1854,11624
3834,4419,424.79999999999995,1831,11581
3844,4440,433.20000000000005,1821,11593
3854,4462,442.4,1786,11587
3864,4484,429.80000000000007,1788,11624
3874,4507,451.4,1793,11704
3884,4529,434.6,1774,11661
3894,4550,427.79999999999995,1787,11636
3904,4573,439,1798,11790
3914,4595,440.8,1792,11735
3924,4617,433.20000000000005,1796,11661
3934,4639,463,1790,11673
3944,4661,439.6,1767,11624
3954,4683,451.6,1762,11587
3964,4705,443.40000000000003,1750,11605
3974,4729,455,1725,11679
3984,4740,451,1722,11685
3994,4761,443.19999999999993,1756,11802
4004,4785,467,1773,11858
4014,4807,443.8,1766,11648
4024,4829,455.19999999999993,1767,11618
4034,4852,463.4,1762,11636
4044,4875,454.20000000000005,1724,11698
4054,4909,454.4,1712,11685
4064,4931,465.2,1677,11636
4074,4954,445,1690,11599
4084,4977,466.79999999999995,1696,11679
4094,5000,457.6,1678,11679
4104,5023,456.59999999999997,1664,11618
4114,5045,460.79999999999995,1670,11624
4124,5068,456.4,1651,11630
4134,5091,465.4,1658,11661
4144,5115,471.2,1656,11685
4154,5137,469.79999999999995,1629,11648
4164,5160,443.6,1644,11655
4174,5183,472.6,1646,11679
4184,5195,473,1642,11673
4194,5219,456.59999999999997,1634,11735
4204,5242,474,1652,11778
4214,5265,467.40000000000003,1654,11679
4224,5288,452.19999999999993,1630,11630
4234,5311,470,1631,11636
4244,5347,464.6,1599,11784
4254,5369,460.20000000000005,1615,11679
4264,5393,478,1606,11667
4274,5417,466,1594,11636
4284,5439,473.6,1605,11642
4294,5464,487.79999999999995,1583,11679
4304,5487,473.8,1550,11642
4314,5511,477,1568,11698
4324,5535,484.20000000000005,1564,11716
4334,5558,460.79999999999995,1557,11642
4344,5581,487.20000000000005,1571,11655
4354,5606,488.8,1561,11679
4364,5629,463.6,1549,11648
4374,5641,468.80000000000007,1542,11642
4384,5665,486.2,1534,11679
4394,5689,459.59999999999997,1512,11667
4404,5713,485.6,1514,11661
4414,5737,495.2,1511,11685
4424,5761,472.79999999999995,1499,11648
4434,5785,494.40000000000003,1508,11667
4444,5821,469.79999999999995,1476,11679
4454,5833,470.8,1473,11667
4464,5869,497,1479,11685
4474,5893,468,1464,11661
4484,5917,496.79999999999995,1477,11667
4494,5941,501.2,1467,11704
4504,5965,470.40000000000003,1463,11667
4514,5989,493.4,1478,11753
4524,6014,486.59999999999997,1472,11772
4534,6038,476.8,1464,11753
4544,6063,503.19999999999993,1476,11784
4554,6087,480.80000000000007,1464,11704
4564,6111,477.59999999999997,1466,11667
4574,6123,503.40000000000003,1460,11679
4584,6149,493.79999999999995,1448,11698
4594,6185,494.6,1435,11679
4604,6197,499,1434,11698
4614,6223,490.4,1428,11710
4624,6246,476,1420,11667
4634,6271,513,1427,11710
4644,6295,483,1414,11698
4654,6320,486,1406,11692
4664,6345,518.4000000000001,1406,11753
4674,6381,476.19999999999993,1391,11673
4684,6394,504.4,1387,11692
4694,6419,516.2,1387,11765
4704,6444,476.8,1372,11679
4714,6469,501,1387,11704
4724,6494,498.2,1385,11710
4734,6531,513.8000000000001,1375,11704
4744,6557,497.40000000000003,1374,11759
4754,6569,489.4,1374,11698
4764,6606,508.6,1368,11716
4774,6619,511,1368,11765
4784,6644,480.80000000000007,1355,11698
4794,6669,519.5999999999999,1353,11716
4804,6695,510,1350,11765
4814,6719,480,1344,11679
4824,6745,518.8,1343,11759
4834,6770,515,1335,11759
4844,6795,502,1326,11698
4854,6821,519.5999999999999,1335,11778
4864,6845,492.2,1329,11704
4874,6870,512.6,1330,11827
4884,6909,495.59999999999997,1336,11765
4894,6921,495.59999999999997,1330,11716
4904,6960,523.8,1321,11778
4914,6973,500.40000000000003,1325,11753
4924,6997,503,1308,11704
4934,7023,539,1294,11784
4944,7061,493.20000000000005,1297,11679
4954,7087,515.8,1298,11765
4964,7113,507.2,1289,11759
4974,7125,500.19999999999993,1284,11698
4984,7151,525.8000000000001,1275,11778
4994,7177,495,1287,11772
5004,7202,503.19999999999993,1281,11704
5014,7229,538,1276,11796
5024,7254,507.4,1267,11759
5034,7279,517.4,1266,11759
5044,7319,495.80000000000007,1260,11759
5054,7331,499.20000000000005,1257,11704
5064,7357,539.6,1253,11784
5074,7383,518.1999999999999,1252,11673
5084,7409,518.6,1240,11710
5094,7435,537.8000000000001,1240,11790
5104,7461,497.8,1235,11753
5114,7486,524,1227,11765
5124,7513,521.1999999999999,1234,11790
5134,7539,516.5999999999999,1230,11765
5144,7565,546.4,1226,11790
5154,7591,519,1241,11753
5164,7617,530.8,1224,11772
5174,7643,521,1219,11809
5184,7669,501.59999999999997,1225,11753
5194,7695,541,1220,11790
5204,7722,524.4000000000001,1218,11790
5214,7747,521.6,1205,11778
5224,7775,535.6,1201,11815
5234,7800,505.6,1208,11765
5244,7826,535.4,1196,11778
5254,7853,528,1194,11802
5264,7879,513.2,1191,11765
5274,7906,554,1188,11809
5284,7932,521,1189,11655
5294,7958,528,1173,11759
5304,7985,541.4,1175,11809
5314,8011,502,1174,11765
5324,8038,559.4,1165,11796
5334,8065,521.1999999999999,1169,11673
5344,8091,538.8,1158,11772
5354,8118,541.2,1154,11821
5364,8144,498.59999999999997,1151,11661
5374,8171,558.2,1133,11790
5384,8198,529.2,1145,11790
5394,8224,547.4,1138,11784
5404,8251,537.2,1125,11716
5414,8277,497.40000000000003,1134,11642
5424,8304,550.4,1126,11784
5434,8331,545.8,1119,11698
5444,8357,535.8,1109,11765
5454,8385,559.8,1107,11809
5464,8411,500.8,1130,11778
5474,8438,551.6,1115,11815
5484,8465,537.5999999999999,1115,11710
5494,8492,538.4,1118,11765
5504,8519,560.6,1113,11815
5514,8546,513.5999999999999,1115,11673
5524,8573,549.8000000000001,1095,11796
5534,8601,542.6,1100,11821
5544,8627,530.6,1108,11790
5554,8654,566.4000000000001,1094,11827
5564,8681,521.1999999999999,1105,11809
5574,8708,549.5999999999999,1090,11827
5584,8736,539.8,1090,11827
5594,8762,521.4000000000001,1095,11796
5604,8790,565.4,1086,11833
5614,8817,531,1088,11698
5624,8844,561.5999999999999,1066,11802
5634,8871,548.4000000000001,1065,11716
5644,8898,526.4,1061,11661
5654,8926,559.4,1034,11710
5664,8953,514.2,1034,11685
5674,8980,559,1027,11796
5684,9008,549.8000000000001,1034,11710
5694,9035,545.8,1036,11790
5704,9063,573.4,1021,11765
5714,9089,520.2,1040,11679
5724,9117,554.8,1031,11802
5734,9145,541.2,1030,11710
5744,9171,546,1031,11802
5754,9200,570.8000000000001,1013,11772
5764,9227,524,1025,11679
5774,9255,579.2,1006,11704
5784,9283,545,1003,11704
5794,9309,542.4000000000001,995,11679
5804,9338,560.1999999999999,981,11722
5814,9365,524.1999999999999,1003,11790
5824,9393,572.4000000000001,997,11833
5834,9421,532.4,1003,11722
5844,9448,563.4000000000001,999,11815
5854,9476,563.8,995,11772
5864,9503,538.2,1009,11679
5874,9531,585,977,11722
5884,9559,531.5999999999999,984,11815
5894,9587,552.5999999999999,982,11716
5904,9615,561,981,11710
5914,9642,558.4,985,11802
5924,9671,584.6,966,11778
5934,9698,533.8,979,11692
5944,9725,579.4,968,11815
5954,9755,563,969,11735
5964,9781,551,968,11698
5974,9810,566.4000000000001,953,11728
5984,9837,526.6,973,11685
5994,9865,576.5999999999999,955,11710
6004,9894,548.8,951,11710
6014,9921,563,948,11704
6024,9950,573.2,936,11772
6034,9977,545.4000000000001,946,11692
6044,10005,592.2,925,11728
6054,10034,555.5999999999999,929,11716
6064,10062,566.6,919,11704
6074,10091,566.6,922,11722
6084,10117,552.4,936,11698
6094,10147,577.2,915,11778
6104,10175,534.2,929,11710
6114,10203,575.6,925,11722
6124,10231,558.8000000000001,924,11722
6134,10259,569.4000000000001,916,11716
6144,10289,581.1999999999999,898,11765
6154,10316,559.8,915,11698
6164,10345,594.4,899,11722
6174,10373,554.6,900,11722
6184,10401,585.5999999999999,902,11827
6194,10430,572,906,11772
6204,10457,550.4,922,11704
6214,10486,581.4000000000001,904,11772
6224,10514,539,918,11710
6234,10543,586,904,11735
6244,10571,553,902,11716
6254,10599,557.8,901,11722
6264,10629,582,879,11784
6274,10657,551.1999999999999,889,11716
6284,10685,589.4,874,11735
6294,10713,548.4000000000001,882,11722
6304,10743,590,869,11728
6314,10771,583.2,864,11772
6324,10799,565.8,889,11821
6334,10828,590.1999999999999,876,11796
6344,10857,569.1999999999999,885,11735
6354,10886,604,868,11778
6364,10915,551.8,880,11716
6374,10943,577.8,879,11728
6384,10972,580.2,865,11778
6394,11000,558.8000000000001,875,11722
6404,11029,585.5999999999999,865,11790
6414,11057,550.2,883,11716
6424,11087,591.8000000000001,866,11778
6434,11115,559.6,863,11772
6444,11144,583,864,11735
6454,11173,574,854,11772
6464,11201,564.4,872,11833
6474,11231,590.4000000000001,851,11809
6484,11259,562.6,861,11735
6494,11289,597.8000000000001,854,11772
6504,11317,567.5999999999999,855,11735
6514,11346,584,848,11772
6524,11376,598.6,824,11790
6534,11403,563.6,842,11722
6544,11433,598.4,826,11784
6554,11463,580.8,826,11778
6564,11491,609.4,814,11784
6574,11521,565.2,823,11772
6584,11549,591,832,11765
6594,11579,601.2,815,11790
6604,11607,574.6,834,11735
6614,11637,600,822,11790
6624,11665,565.6,833,11722
6634,11695,607.8,819,11784
6644,11724,578.8,814,11784
6654,11753,593.4000000000001,818,11772
6664,11783,590,809,11784
6674,11811,574.4,825,11772
6684,11841,609.4,804,11809
6694,11870,566,817,11772
6704,11899,603.2,820,11858
6714,11929,570,824,11796
6724,11957,586.4,817,11784
6734,11987,583,805,11790
6744,12016,566.4000000000001,827,11735
6754,12045,614.6,802,11796
6764,12075,573.2,798,11790
6774,12105,593,789,11790
6784,12133,559.4,800,11772
6794,12163,598.6,799,11784
6804,12193,588,785,11796
6814,12221,578.6,804,11772
6824,12251,584.4000000000001,796,11802
6834,12280,567.8000000000001,808,11772
6844,12310,604,790,11802
6854,12339,571.8,796,11790
6864,12369,603,795,11784
6874,12399,578.6,789,11790
6884,12427,580.2,793,11784
6894,12458,602.8,777,11802
6904,12487,572.8,795,11772
6914,12517,608.6,785,11796
6924,12546,577,786,11784
6934,12575,605.4000000000001,777,11809
6944,12605,567.8000000000001,778,11784
6954,12635,599.8,783,11790
6964,12665,608.4000000000001,760,11809
6974,12694,585.5999999999999,768,11784
6984,12724,614,757,11802
6994,12753,582.8000000000001,772,11784
7004,12783,620,755,11809
7014,12813,580.4,760,11790
7024,12843,610.6,765,11796
7034,12872,591.8000000000001,762,11796
7044,12901,595,764,11784
7054,12932,616.2,748,11809
7064,12961,584.6,762,11790
7074,12991,624.2,751,11809
7084,13021,594.4,756,11790
7094,13051,613.6,747,11821
7104,13081,568,750,11790
7114,13110,616,760,11796
7124,13141,602.6,740,11815
7134,13170,595.2,745,11802
7144,13201,605,732,11809
7154,13229,583.8,749,11784
7164,13260,609.4,723,11827
7174,13290,585.8000000000001,724,11802
7184,13319,609,727,11815
7194,13349,575.4000000000001,728,11796
7204,13379,598.6,729,11802
7214,13410,598.6,718,11821
7224,13439,583.6,735,11802
7234,13469,607.6,726,11809
7244,13499,585.8000000000001,734,11796
7254,13529,607.4,718,11815
7264,13559,580.2,727,11796
7274,13589,619.2,732,11809
7284,13620,589.4,726,11809
7294,13649,605.6,730,11809
7304,13680,597.5999999999999,724,11809
7314,13709,596.6,745,11790
7324,13741,635,723,11827
7334,13771,602.6,725,11809
7344,13801,611.6,717,11815
7354,13830,593.8,726,11802
7364,13861,629,707,11827
7374,13891,592,696,11821
7384,13921,610.8,709,11802
7394,13951,598.2,699,11827
7404,13981,592.8,705,11815
7414,14012,615.4,691,11827
7424,14041,577.2,707,11802
7434,14072,613.2,701,11821
7444,14102,584.1999999999999,704,11809
7454,14133,615.2,698,11827
7464,14163,582,700,11802
7474,14193,618.5999999999999,712,11802
7484,14224,617.8,696,11821
7494,14254,601.4,703,11815
7504,14285,613.8,696,11821
7514,14314,594,714,11809
7524,14345,639,694,11827
7534,14375,597.8000000000001,694,11815
7544,14405,620.8,694,11821
7554,14436,592.2,695,11815
7564,14467,628.2,683,11827
7574,14497,587.8,673,11821
7584,14527,599.6,692,11815
7594,14558,613.6,681,11827
7604,14588,598.8,690,11815
7614,14619,624.5999999999999,682,11827
7624,14649,584.8,697,11809
7634,14679,620.4000000000001,694,11821
7644,14711,608.8,690,11827
7654,14741,630,683,11833
7664,14771,593.8,681,11815
7674,14801,619.4,688,11815
7684,14833,612.2,663,11839
7694,14863,606,667,11821
7704,14893,614.1999999999999,665,11827
7714,14924,601,676,11815
7724,14955,627.5999999999999,658,11839
7734,14985,591.5999999999999,670,11815
7744,15016,624.4,678,11821
7754,15047,606.8000000000001,674,11827
7764,15077,635.1999999999999,667,11839
7774,15108,600.2,663,11821
7784,15139,630.2,677,11821
7794,15170,633.4,653,11839
7804,15200,606.2,661,11821
7814,15231,622.8,649,11839
7824,15261,587.8,665,11809
7834,15293,631.8,653,11839
7844,15323,608.1999999999999,653,11839
7854,15354,618.5999999999999,653,11839
7864,15385,596,662,11815
7874,15415,644.8,664,11839
7884,15447,621.8000000000001,644,11839
7894,15477,625,656,11827
7904,15509,619.8,654,11839
7914,15539,615,656,11827
7924,15571,639,635,11839
7934,15600,592.8,651,11827
7944,15631,624.2,648,11839
7954,15663,609.2,646,11839
7964,15693,625.8,637,11846
7974,15724,604,648,11827
7984,15755,645.4,654,11839
7994,15787,618.5999999999999,637,11846
8004,15817,642.5999999999999,644,11827
8014,15848,616.4,638,11839
8024,15878,609.2,646,11833
8034,15910,627.5999999999999,623,11852
8044,15941,605,632,11839
8054,15972,626.4000000000001,628,11852
8064,16003,610.4,639,11827
8074,16034,642.2,628,11858
8084,16065,611,626,11839
8094,16097,641.1999999999999,634,11846
8104,16127,604.6,632,11839
8114,16159,637.4,625,11852
8124,16189,595.4,611,11722
8134,16220,615,630,11809
8144,16251,633.2,616,11846
8154,16283,617,616,11846
8164,16314,631.2,610,11852
8174,16345,617.1999999999999,628,11833
8184,16377,647.1999999999999,613,11858
8194,16407,602.8,608,11846
8204,16439,624.8000000000001,616,11852
8214,16469,603.4,619,11839
8224,16501,630.4,618,11852
8234,16532,612,610,11852
8244,16563,637.4,621,11846
8254,16595,614.4000000000001,612,11839
8264,16625,637.8,618,11846
8274,16657,628.4,596,11864
8284,16687,611.8,609,11827
8294,16720,639.5999999999999,608,11858
8304,16751,602.8,612,11846
8314,16783,633.8000000000001,600,11858
8324,16813,610.2,616,11833
8334,16845,650.6,617,11852
8344,16877,631.4,594,11741
8354,16907,632.8,589,11833
8364,16939,603.8000000000001,591,11839
8374,16970,640,594,11852
8384,17002,613.8,578,11858
8394,17033,631.2,597,11846
8404,17065,625.8,606,11846
8414,17095,629,612,11839
8424,17127,638.6,592,11864
8434,17159,605,599,11852
8444,17190,635.4000000000001,593,11852
8454,17221,617.6,595,11846
8464,17253,649.6,585,11864
8474,17285,612.2,594,11839
8484,17315,651.4,605,11864
8494,17347,632.1999999999999,592,11864
8504,17379,632.6,590,11858
8514,17410,598,582,11722
8524,17441,638.6,593,11839
8534,17474,643.4,567,11870
8544,17505,639.5999999999999,573,11864
8554,17537,634.8,575,11852
8564,17567,630.4,586,11846
8574,17600,647.8,568,11870
8584,17631,602.6,569,11728
8594,17663,640.6,576,11846
8604,17694,625.6,576,11852
8614,17726,651.8000000000001,564,11876
8624,17757,618.4,561,11728
8634,17789,645,566,11846
8644,17821,619.8,559,11864
8654,17853,645.8000000000001,558,11870
8664,17884,603,558,11839
8674,17915,650.1999999999999,580,11852
8684,17948,648.4,571,11876
8694,17979,635,574,11864
8704,18011,612.5999999999999,570,11864
8714,18042,618.8000000000001,584,11852
8724,18075,658.2,560,11876
8734,18106,617,562,11864
8744,18138,650.8,569,11864
8754,18169,630.5999999999999,574,11858
8764,18201,651.5999999999999,558,11870
8774,18233,608.4000000000001,557,11852
8784,18265,630.4,569,11864
8794,18296,626.6,563,11858
8804,18328,655.8,558,11876
8814,18360,625.2,555,11870
8824,18391,649.2,565,11864
8834,18424,629,551,11876
8844,18455,640.8,551,11870
8854,18487,617.4000000000001,550,11858
8864,18519,639.4,568,11852
8874,18551,652.4,557,11882
8884,18583,628.8,555,11870
8894,18615,633.2,555,11864
8904,18646,618.5999999999999,565,11858
8914,18679,659,542,11882
8924,18711,631.8,542,11864
8934,18743,664.4,550,11870
8944,18774,634,550,11864
8954,18806,643.8,538,11882
8964,18838,611.6,538,11864
8974,18869,644,553,11864
8984,18901,630.4,539,11790
8994,18933,658.4,535,11858
9004,18965,623,530,11870
9014,18997,645.2,541,11864
9024,19030,633.4,524,11889
9034,19061,641.1999999999999,529,11870
9044,19094,638.4000000000001,534,11864
9054,19125,639,549,11858
9064,19158,658.4,534,11889
9074,19189,620.8,531,11784
9084,19222,651.5999999999999,531,11852
9094,19253,632.8,535,11870
9104,19287,670.6,517,11895
9114,19318,627,514,11784
9124,19350,643.8,520,11852
9134,19382,620.6,514,11747
9144,19414,646.6,508,11864
9154,19446,628.8,512,11864
9164,19477,661.6,527,11870
9174,19510,636.4,521,11882
9184,19543,643.2,520,11790
9194,19575,619.2,515,11735
9204,19606,656.8,524,11846
9214,19639,654.4,498,11796
9224,19671,639,496,11858
9234,19703,624.4,504,11864
9244,19735,630,519,11870
9254,19768,656,507,11895
9264,19799,635.6,514,11882
9274,19832,662.6,524,11882
9284,19864,627.8000000000001,523,11882
9294,19897,652.6,502,11802
9304,19928,615.2,501,11722
9314,19961,675,499,11741
9324,19993,640,484,11735
9334,20025,641.8,479,11858
9344,20057,614.6,487,11858
9354,20089,651,504,11876
9364,20121,658,499,11882
9374,20154,663,502,11802
9384,20186,625.6,503,11852
9394,20218,660.8000000000001,510,11876
9404,20251,626,488,11901
9414,20283,652.8,487,11784
9424,20315,646.2,490,11735
9434,20347,656.4000000000001,492,11741
9444,20380,638.8,475,11864
9454,20411,627.8000000000001,488,11864
9464,20445,667.8,490,11882
9474,20477,650,491,11895
9484,20510,649.6,484,11802
9494,20541,635.1999999999999,501,11846
9504,20575,669,497,11895
9514,20607,631.6,490,11876
9524,20639,669.8000000000001,492,11889
9534,20671,632.1999999999999,501,11778
9544,20703,656.1999999999999,499,11864
9554,20735,637.4,486,11815
9564,20769,661.6,484,11882
9574,20801,639,477,11784
9584,20833,663.4,478,11864
9594,20866,640.8,467,11901
9604,20898,645.2,477,11889
9614,20931,630.5999999999999,487,11790
9624,20963,675.5999999999999,487,11784
9634,20995,624.8000000000001,474,11870
9644,21027,646.4,488,11876
9654,21060,644.6,486,11895
9664,21093,674.4000000000001,471,11821
9674,21125,636.4,468,11858
9684,21157,653.8,489,11876
9694,21191,654.8000000000001,476,11901
9704,21223,642.4,470,11802
9714,21255,663.8000000000001,478,11870
9724,21287,648,494,11876
9734,21320,664.8,479,11889
9744,21353,637,474,11809
9754,21385,664.8,470,11790
9764,21417,653.4000000000001,472,11870
9774,21451,673.4,457,11815
9784,21483,622.6,447,11747
9794,21515,660.5999999999999,455,11864
9804,21548,651,456,11809
9814,21581,659,449,11790
9824,21613,627.5999999999999,449,11858
9834,21645,652.8,467,11889
9844,21679,646,454,11821
9854,21711,661.2,453,11882
9864,21744,644.1999999999999,460,11784
9874,21777,661.8,470,11870
9884,21809,642.4,451,11827
9894,21842,657.4,456,11876
9904,21875,642,463,11784
9914,21907,656.6,462,11747
9924,21939,649.2,445,11796
9934,21973,668.1999999999999,448,11882
9944,22005,643.2,446,11809
9954,22037,669,444,11784
9964,22071,663,436,11889
9974,22103,640.2,445,11882
9984,22136,660.5999999999999,455,11895
9994,22169,654.2,459,11809
10004,22201,656.1999999999999,450,11882
10014,22233,629.4000000000001,464,11876
10024,22267,680,465,11815
10034,22299,654.5999999999999,445,11809
10044,22333,664.2,438,11790
10054,22365,637.2,445,11741
10064,22399,671.8,432,11796
10074,22431,649.4,418,11796
10084,22463,663.5999999999999,425,11784
10094,22496,645.8000000000001,436,11876
10104,22529,658,436,11901
10114,22562,646.2,433,11815
10124,22595,670.6,444,11882
10134,22627,649.2,442,11809
10144,22661,669,436,11802
10154,22693,635.6,428,11784
10164,22725,670,440,11864
10174,22759,666.8000000000001,435,11815
10184,22791,666,428,11802
10194,22824,629.8,433,11870
10204,22857,675.5999999999999,453,11895
10214,22891,665.1999999999999,433,11827
10224,22923,664.4,430,11895
10234,22955,626.4000000000001,442,11796
10244,22989,677.8,454,11882
10254,23023,666.4,427,11833
10264,23055,656.4000000000001,431,11870
10274,23087,646.2,445,11901
10284,23120,659.1999999999999,443,11815
10294,23153,667.4,429,11895
10304,23186,659.1999999999999,430,11815
10314,23219,652.4,431,11802
10324,23252,646.6,426,11882
10334,23285,668.1999999999999,417,11827
10344,23317,649.4,427,11741
10354,23351,662.8,426,11790
10364,23383,657.4,429,11889
10374,23417,678,420,11833
10384,23449,652,420,11796
10394,23483,675.8000000000001,411,11796
10404,23516,648.4,405,11895
10414,23549,668.1999999999999,408,11815
10424,23581,649.8,418,11876
10434,23615,676.6,421,11919
10444,23648,631,425,11901
10454,23681,674.1999999999999,443,11901
10464,23713,657.4,438,11827
10474,23747,673.6,430,11901
10484,23779,638.1999999999999,427,11815
10494,23813,677.8,435,11889
10504,23846,663.5999999999999,414,11833
10514,23879,652.8,411,11889
10524,23911,635.8,422,11802
10534,23944,665.6,427,11790
10544,23977,675.4,421,11895
10554,24011,664.6,420,11919
10564,24044,640,423,11821
10574,24077,675.8000000000001,424,11895
10584,24111,666.5999999999999,409,11833
10594,24143,666,408,11895
10604,24177,637.2,412,11815
10614,24209,678.5999999999999,420,11889
10624,24243,643.4,410,11833
10634,24275,662,419,11889
10644,24309,647.6,421,11827
10654,24342,676.6,414,11809
10664,24375,657.5999999999999,400,11809
10674,24408,665.8,406,11882
10684,24442,659,398,11833
10694,24475,671,393,11802
10704,24507,658,394,11802
10714,24541,667.6,407,11889
10724,24574,665.1999999999999,404,11827
10734,24607,665.6,401,11802
10744,24641,678,400,11802
10754,24673,662,403,11889
10764,24707,657,399,11926
10774,24739,654.4,402,11815
10784,24773,680,402,11809
10794,24806,648,400,11809
10804,24840,669,401,11895
10814,24872,650.6,409,11796
10824,24905,679.8,406,11809
10834,24939,656.8,404,11895
10844,24973,685.8,412,11926
10854,25005,659,411,11827
10864,25039,697.8,396,11815
10874,25072,644.1999999999999,387,11809
10884,25105,673.2,393,11889
10894,25138,660.2,394,11815
10904,25171,681.2,392,11809
10914,25205,640.6,390,11815
10924,25238,677.1999999999999,395,11815
10934,25271,670.8,387,11802
10944,25305,674.8,375,11821
10954,25337,648.2,374,11796
10964,25371,692.1999999999999,380,11802
10974,25405,665.6,375,11802
10984,25438,667.6,379,11895
10994,25471,638,391,11809
11004,25503,670.6,407,11889
11014,25537,670.6,400,11833
11024,25571,679.2,403,11913
11034,25605,662.4000000000001,400,11833
11044,25638,688.6,391,11827
11054,25671,649.8,374,11802
11064,25704,670,375,11802
11074,25737,664.4,380,11895
11084,25771,688.2,382,11839
11094,25804,648.2,385,11802
11104,25837,661.2,402,11882
11114,25871,674.8,401,11926
11124,25905,692.4000000000001,393,11852
11134,25937,650.6,387,11809
11144,25971,668,397,11796
11154,26005,671,385,11827
11164,26037,683.4000000000001,370,11827
11174,26071,635,374,11796
11184,26103,661.4,396,11889
11194,26137,671.6,388,11827
11204,26171,692,381,11827
11214,26205,649,378,11815
11224,26239,684.5999999999999,379,11821
11234,26272,659.6,361,11809
11244,26305,671.6,362,11790
11254,26338,654.8000000000001,366,11815
11264,26371,692,373,11815
11274,26405,658.2,373,11815
11284,26438,671.6,384,11895
11294,26471,668.1999999999999,377,11839
11304,26505,692,369,11833
11314,26539,657.8000000000001,367,11809
11324,26571,670.6,377,11809
11334,26605,675.2,372,11827
11344,26639,685.8,364,11827
11354,26673,648.2,373,11889
11364,26705,653.6,392,11815
11374,26739,676.8,384,11815
11384,26773,689,377,11827
11394,26807,669.2,373,11833
11404,26840,672,368,11827
11414,26873,675.2,351,11815
11424,26907,653.6,353,11790
11434,26941,671.8,356,11815
11444,26973,677.1999999999999,365,11815
11454,27007,676,367,11815
11464,27041,658.4,371,11809
11474,27074,681.2,365,11815
11484,27108,673.8,354,11827
11494,27141,676.8,351,11827
11504,27174,657.5999999999999,362,11796
11514,27209,689,366,11907
11524,27242,664.6,362,11839
11534,27275,666.2,366,11809
11544,27308,644.1999999999999,377,11809
11554,27342,693,373,11809
11564,27375,676.6,362,11827
11574,27410,679,356,11827
11584,27443,664.2,358,11815
11594,27477,684.2,352,11827
11604,27510,657,353,11802
11614,27544,679,357,11815
11624,27577,667.4,367,11815
11634,27611,689.1999999999999,367,11827
11644,27644,661,371,11901
11654,27679,704.6,367,11846
11664,27712,669.5999999999999,354,11839
11674,27746,679.2,350,11821
11684,27779,632.4000000000001,358,11796
11694,27813,701,354,11827
11704,27846,665.8,344,11821
11714,27880,673.8,358,11907
11724,27913,655.4,373,11919
11734,27947,695.6,368,11846
11744,27981,662,361,11833
11754,28015,684.4,364,11833
11764,28048,662.4000000000001,363,11821
11774,28082,689.6,351,11827
11784,28115,645.5999999999999,347,11809
11794,28149,680.8,356,11907
11804,28182,669.5999999999999,362,11846
11814,28217,680,361,11833
11824,28249,651.2,361,11815
11834,28284,695.1999999999999,362,11833
11844,28317,673,347,11833
11854,28351,663.4,340,11827
11864,28385,666.2,355,11895
11874,28419,692.1999999999999,355,11846
11884,28452,648.2,350,11821
11894,28485,676.2,360,11815
11904,28519,664,366,11815
11914,28553,687.5999999999999,355,11821
11924,28587,667.8,342,11827
11934,28621,683.4000000000001,346,11833
11944,28655,670.6,340,11821
11954,28689,692.1999999999999,341,11907
11964,28721,650,346,11839
11974,28755,692.6,353,11827
11984,28789,667.4,354,11815
11994,28823,678.5999999999999,355,11821
12004,28857,668.6,354,11815
12014,28891,695.1999999999999,347,11839
12024,28925,664.4,334,11839
12034,28959,685.4,338,11919
12044,28992,674.8,345,11833
12054,29025,682.4,342,11833
12064,29059,649.6,342,11821
12074,29093,694.8,353,11827
12084,29127,668,351,11815
12094,29160,683.6,342,11827
12104,29194,672.2,339,11833
12114,29229,699,336,11846
12124,29262,654.4,329,11827
12134,29295,674.6,333,11821
12144,29329,666.8000000000001,336,11821
12154,29363,685,337,11827
12164,29397,659.6,340,11827
12174,29431,684.2,346,11827
12184,29465,673.6,342,11821
12194,29499,689.1999999999999,336,11833
12204,29533,667,331,11839
12214,29567,688.2,329,11833
12224,29601,670.4,333,11913
12234,29635,681.4,333,11846
12244,29667,669.8000000000001,340,11815
12254,29701,670.2,348,11821
12264,29735,657.8000000000001,352,11815
12274,29769,698.4000000000001,351,11833
12284,29803,687.5999999999999,339,11846
12294,29837,690,330,11852
12304,29871,664.4,326,11827
12314,29905,693.8000000000001,327,11827
12324,29939,672,327,11913
12334,29973,689.6,336,11938
12344,30006,666.4,346,11846
12354,30039,681.4,355,11815
12364,30073,658.4,349,11827
12374,30107,704.8,346,11846
12384,30142,675.2,335,11839
12394,30177,680.8,330,11827
12404,30210,668.8,326,11821
12414,30243,695.1999999999999,323,11833
12424,30277,657.8000000000001,326,11827
12434,30311,688,341,11919
12444,30345,678.5999999999999,347,11846
12454,30379,679.6,344,11839
12464,30413,670,343,11833
12474,30447,714.8000000000001,337,11846
12484,30481,651.4,327,11827
12494,30515,677.6,324,11827
12504,30549,671,327,11827
12514,30583,692.1999999999999,325,11839
12524,30616,656.6,328,11821
12534,30650,689,339,11821
12544,30684,683.6,334,11839
12554,30719,685.8,324,11846
12564,30753,655.8,329,11926
12574,30787,707.6,339,11938
12584,30821,649.8,336,11852
12594,30855,673.8,335,11827
12604,30888,670,344,11827
12614,30922,689.8,347,11827
12624,30955,651.4,337,11827
12634,30989,703.8,335,11833
12644,31023,690.4,329,11846
12654,31059,694.8,317,11852
12664,31092,662.6,315,11833
12674,31125,691.8,317,11827
12684,31159,659.6,319,11913
12694,31193,686,324,11852
12704,31227,670.4,332,11839
12714,31261,680.8,341,11919
12724,31295,671.8,336,11864
12734,31330,705,330,11846
12744,31364,661.4,324,11833
12754,31398,686.8,325,11839
12764,31433,677,322,11839
12774,31466,686.1999999999999,319,11833
12784,31499,653,326,11827
12794,31533,697.6,332,11827
12804,31567,682.4,328,11839
12814,31601,682.4,325,11839
12824,31636,679.8,324,11846
12834,31671,694,313,11858
12844,31703,647.8,314,11815
12854,31737,694.8,327,11901
12864,31771,688.2,334,11846
12874,31805,681.5999999999999,334,11839
12884,31839,667.4,344,11827
12894,31874,715.6,343,11846
12904,31908,666.2,322,11852
12914,31943,698.1999999999999,310,11852
12924,31977,678.2,313,11833
12934,32011,687.4,309,11833
12944,32045,653,306,11833
12954,32079,696,317,11827
12964,32113,670.2,323,11827
12974,32147,683,322,11839
12984,32181,675.5999999999999,323,11839
12994,32215,691,322,11846
13004,32249,683,313,11852
13014,32284,685.4,306,11846
13024,32317,664.8,315,11815
13034,32351,678.4,322,11901
13044,32385,683.8,333,11938
13054,32419,689.1999999999999,338,11852
13064,32453,684.4,343,11833
13074,32487,693,333,11852
13084,32522,706.4,319,11858
13094,32557,677.4000000000001,306,11839
13104,32589,674.1999999999999,308,11827
13114,32625,691.8,307,11846
13124,32658,681.5999999999999,306,11839
13134,32693,674,312,11833
13144,32726,684,323,11839
13154,32761,667.4,318,11827
13164,32795,676.4,313,11846
13174,32829,694,315,11852
13184,32864,683.8,309,11852
13194,32898,657.4,306,11827
13204,32931,684.8000000000001,317,11821
13214,32965,676.6,321,11833
13224,32999,676.4,323,11839
13234,33033,684.4,328,11846
13244,33067,710,329,11846
13254,33103,665.1999999999999,309,11858
13264,33137,708.5999999999999,300,11852
13274,33171,670.2,298,11833
13284,33205,682.4,301,11827
13294,33239,680.6,303,11846
13304,33273,698,309,11846
13314,33307,656.8,314,11833
13324,33341,692.4000000000001,321,11833
13334,33375,686.4000000000001,314,11846
13344,33410,688.4,308,11858
13354,33445,690,305,11852
13364,33479,685.8,304,11852
13374,33513,657,304,11827
13384,33547,688,310,11833
13394,33581,674,316,11833
13404,33615,683.1999999999999,319,11839
13414,33649,672.2,321,11833
13424,33683,714.5999999999999,319,11852
13434,33718,693.4,302,11858
13444,33753,682.2,294,11852
13454,33787,686.1999999999999,295,11833
13464,33821,688.6,300,11913
13474,33855,674,303,11846
13484,33889,695.1999999999999,315,11833
13494,33923,678.8000000000001,322,11827
13504,33957,690.8000000000001,325,11846
13514,33991,689.1999999999999,315,11858
13524,34027,698,305,11858
13534,34061,681.8000000000001,296,11852
13544,34095,692.8,296,11846
13554,34129,667,295,11833
13564,34163,682,299,11839
13574,34197,689.4000000000001,309,11839
13584,34231,677.8,315,11839
13594,34265,669.2,313,11839
13604,34301,703,308,11864
13614,34335,681.2,300,11852
13624,34369,701.1999999999999,294,11852
13634,34403,675.5999999999999,295,11839
13644,34437,693.4,295,11833
13654,34471,667.2,299,11839
13664,34505,702.4,307,11839
13674,34539,675.2,312,11846
13684,34574,697.4,310,11852
13694,34609,690.4,304,11858
13704,34643,706.6,295,11870
13714,34677,665,290,11852
13724,34712,700,291,11846
13734,34746,673.8,292,11839
13744,34781,685.6,296,11839
13754,34815,680.1999999999999,305,11839
13764,34849,693.4,312,11846
13774,34883,676.4,307,11852
13784,34918,726,301,11864
13794,34953,674,293,11858
13804,34987,698.4000000000001,288,11852
13814,35021,671.4000000000001,288,11833
13824,35055,683.6,289,11833
13834,35089,667,297,11839
13844,35123,704.8,308,11839
13854,35157,682.4,311,11846
13864,35193,695,305,11858
13874,35227,704.4000000000001,299,11864
13884,35262,688.4,286,11870
13894,35295,674,282,11839
13904,35331,695.1999999999999,285,11839
13914,35364,682.2,287,11846
13924,35399,677.1999999999999,293,11846
13934,35433,685,306,11839
13944,35467,685,310,11846
13954,35502,687,300,11864
13964,35537,699.8000000000001,292,11864
13974,35571,692.6,287,11864
13984,35605,672,280,11852
13994,35639,701,281,11846
14004,35673,671.1999999999999,285,11833
14014,35707,685,298,11839
14024,35742,685.4,306,11839
14034,35777,688.8,307,11852
14044,35811,678.8000000000001,303,11852
14054,35846,711.2,293,11870
14064,35881,668,281,11864
14074,35915,690.8000000000001,282,11839
14084,35949,686.4000000000001,282,11846
14094,35983,684.5999999999999,285,11839
14104,36017,683.8,293,11833
14114,36051,709.6,307,11839
14124,36086,682.6,302,11858
14134,36121,706.6,294,11864
14144,36155,694.6,288,11864
14154,36191,686.6,282,11858
14164,36225,675,279,11846
14174,36259,692.6,283,11839
14184,36293,669.8000000000001,291,11846
14194,36327,694,300,11846
14204,36361,682,305,11846
14214,36396,684.4,303,11852
14224,36431,703.8,293,11858
14234,36466,701.8,281,11882
14244,36500,661.4,277,11833
14254,36534,695.4000000000001,283,11827
14264,36568,684,288,11839
14274,36603,690.8000000000001,293,11839
14284,36637,685,305,11833
14294,36671,712.4,311,11864
14304,36706,673.2,297,11864
14314,36741,728.6,288,11870
14324,36776,673.4,281,11864
14334,36811,707.1999999999999,274,11852
14344,36845,677.4000000000001,274,11833
14354,36879,685.4,284,11839
14364,36913,674.8,294,11833
14374,36947,719.1999999999999,302,11852
14384,36981,670.2,302,11864
14394,37017,701.8,298,11858
14404,37051,683.4000000000001,286,11870
14414,37087,688.6,274,11870
14424,37120,667,279,11827
14434,37155,702,286,11839
14444,37188,672.2,292,11839
14454,37223,697.8,297,11839
14464,37257,705.8000000000001,304,11858
14474,37292,697,295,11870
14484,37327,705.4,280,11876
14494,37362,696.4,269,11870
14504,37397,683.1999999999999,265,11858
14514,37431,688.4,265,11852
14524,37465,687,273,11839
14534,37499,666.5999999999999,284,11833
14544,37533,699.8000000000001,298,11846
14554,37569,697,299,11864
14564,37603,696.5999999999999,295,11858
14574,37638,697.4,285,11870
14584,37673,697,273,11870
14594,37707,664.8,265,11852
14604,37741,700.8,273,11839
14614,37775,671.1999999999999,281,11839
14624,37809,678,288,11846
14634,37844,694,298,11846
14644,37879,701.8,301,11864
14654,37913,690.4,289,11870
14664,37949,716.8,277,11876
14674,37983,676.2,268,11864
14684,38018,705.4,265,11858
14694,38052,679.6,267,11846
14704,38086,686.8,276,11833
14714,38121,679,289,11846
14724,38155,694.8,295,11858
14734,38190,682.6,292,11858
14744,38225,716.6,289,11864
14754,38259,686.8,279,11870
14764,38295,697.6,267,11876
14774,38329,663.4,266,11846
14784,38363,694.6,274,11846
14794,38397,667.2,278,11846
14804,38431,703.6,287,11852
14814,38466,687.2,294,11858
14824,38501,699.8000000000001,290,11870
14834,38536,697,279,11876
14844,38571,710.8,268,11876
14854,38605,670.2,262,11852
14864,38640,711.2,261,11852
14874,38674,669,268,11846
14884,38709,696.5999999999999,278,11839
14894,38743,686.4000000000001,288,11858
14904,38777,696.5999999999999,289,11864
14914,38813,705.5999999999999,284,11870
14924,38847,704.8,276,11864
14934,38883,684.8000000000001,265,11870
14944,38917,696,259,11864
14954,38951,680,266,11846
14964,38985,678.8000000000001,272,11846
14974,39019,697.8,280,11846
14984,39055,700,285,11852
14994,39089,697.6,287,11870
15004,39124,708,277,11870
15014,39159,704.8,268,11876
15024,39193,677.4000000000001,261,11864
15034,39228,695.6,264,11852
15044,39263,664.2,266,11846
15054,39297,682.2,276,11846
15064,39331,685,284,11846
15074,39365,689.4000000000001,287,11864
15084,39401,693.8000000000001,279,11870
15094,39435,711.8000000000001,274,11870
15104,39471,691,263,11876
15114,39506,700.4,257,11864
15124,39540,689,258,11846
15134,39574,684.4,268,11846
15144,39609,684.5999999999999,278,11846
15154,39643,691.8,286,11858
15164,39677,684.8000000000001,286,11876
15174,39713,721,279,11882
15184,39747,684.4,266,11882
15194,39783,706.8,256,11870
15204,39817,691,252,11852
15214,39851,681.5999999999999,256,11852
15224,39885,678,268,11852
15234,39921,707.6,279,11852
15244,39955,671.6,285,11852
15254,39989,715.8,285,11870
15264,40025,702.8000000000001,279,11870
15274,40059,705.2,266,11882
15284,40095,690.4,258,11870
15294,40130,691.2,255,11864
15304,40163,670.8,258,11846
15314,40198,706.2,266,11846
15324,40232,677.6,279,11839
15334,40267,688,286,11858
15344,40302,708,282,11882
15354,40337,698.4000000000001,271,11895
15364,40372,711.5999999999999,263,11876
15374,40407,678.2,252,11876
15384,40441,685.6,252,11852
15394,40475,688.8,261,11846
15404,40509,689,271,11852
15414,40545,676,280,11852
15424,40579,713.4000000000001,285,11870
15434,40614,686.4000000000001,276,11882
15444,40649,706.6,266,11882
15454,40685,700.2,256,11882
15464,40719,693.4,251,11876
15474,40753,684.4,248,11858
15484,40788,699.8000000000001,256,11858
15494,40822,671.8,266,11839
15504,40857,716.8,279,11852
15514,40892,689.6,280,11864
15524,40927,700.2,274,11882
15534,40962,704.4000000000001,265,11882
15544,40997,710.8,256,11876
15554,41031,681.2,247,11852
15564,41066,703,254,11846
15574,41100,680.4000000000001,263,11846
15584,41135,703,274,11858
15594,41169,709.8,280,11864
15604,41205,706.4,281,11870
15614,41239,698.1999999999999,269,11882
15624,41275,710.4000000000001,259,11876
15634,41309,680.8,251,11864
15644,41344,716.6,250,11864
15654,41378,681.8000000000001,254,11852
15664,41413,694.8,264,11846
15674,41447,691,278,11846
15684,41483,694,283,11864
15694,41517,714.5999999999999,276,11889
15704,41553,713.1999999999999,267,11889
15714,41587,694,258,11876
15724,41623,704,245,11876
15734,41657,685.8,245,11852
15744,41691,680.1999999999999,255,11846
15754,41725,697.6,267,11852
15764,41761,699.4,274,11864
15774,41795,698,277,11870
15784,41830,706.6,271,11882
15794,41865,701.4000000000001,259,11882
15804,41901,681.4,250,11864
15814,41935,693.5999999999999,249,11864
15824,41969,679,251,11858
15834,42004,701.1999999999999,259,11858
15844,42039,693,271,11852
15854,42073,702.2,278,11858
15864,42108,704.6,275,11876
15874,42143,710.1999999999999,269,11889
15884,42179,693.5999999999999,259,11882
15894,42214,702.2,248,11895
15904,42247,676.6,244,11852
15914,42283,695.4000000000001,251,11858
15924,42317,692.4000000000001,262,11852
15934,42351,684.4,275,11950
15944,42387,694.4,281,11889
15954,42421,711.2,280,11882
15964,42457,680.6,269,11889
15974,42491,725.6,259,11876
15984,42526,682.2,253,11858
15994,42561,706.4,253,11846
16004,42595,684.2,260,11852
16014,42630,696.4,270,11846
16024,42664,665.1999999999999,281,11944
16034,42699,729.4,282,11895
16044,42735,690.5999999999999,272,11895
16054,42770,715.2,260,11889
16064,42805,695.8,253,11870
16074,42840,684.2,244,11864
16084,42873,695.8,251,11846
16094,42909,675.2,263,11852
16104,42943,689.6,275,11852
16114,42978,704.6,278,11870
16124,43013,701.1999999999999,278,11870
16134,43049,697.2,269,11876
16144,43083,703.6,257,11882
16154,43118,683.6,247,11876
16164,43153,714,246,11864
16174,43187,684.8000000000001,250,11858
16184,43221,693.2,257,11852
16194,43256,685.8,265,11852
16204,43291,698.1999999999999,271,11870
16214,43326,700.2,267,11882
16224,43361,711.4,260,11895
16234,43397,683,250,11882
16244,43431,705.8000000000001,244,11876
16254,43466,672.5999999999999,243,11852
16264,43500,683,253,11846
16274,43535,696,263,11858
16284,43569,716.8,268,11876
16294,43605,691,268,11876
16304,43641,730.8,265,11882
16314,43675,676.8,252,11889
16324,43711,732.4,241,11882
16334,43745,687.8000000000001,241,11870
16344,43779,693,246,11858
16354,43813,686.1999999999999,254,11852
16364,43849,701.6,263,11864
16374,43883,672.8000000000001,268,11870
16384,43919,710,265,11889
16394,43953,685.6,258,11882
16404,43989,701.4000000000001,245,11895
16414,44023,710.4000000000001,236,11882
16424,44059,678.4,234,11864
16434,44093,699,246,11858
16444,44127,682.2,258,11852
16454,44162,689.8,266,11858
16464,44197,714.8000000000001,269,11876
16474,44233,699,270,11870
16484,44268,691.8,257,11882
16494,44303,706.6,245,11889
16504,44338,681.8000000000001,239,11870
16514,44373,711,245,11864
16524,44407,679.4,251,11852
16534,44441,693.2,261,11858
16544,44476,695.4000000000001,268,11870
16554,44511,696.4,268,11882
16564,44547,696,259,11882
16574,44582,704.8,251,11889
16584,44617,682.8,241,11882
16594,44651,698.4000000000001,241,11864
16604,44685,694.2,251,11846
16614,44721,695.4000000000001,263,11852
16624,44755,690.8000000000001,270,11864
16634,44791,720.8000000000001,271,11882
16644,44825,687,264,11889
16654,44861,727.2,254,11889
16664,44896,674,243,11882
16674,44931,707,237,11876
16684,44965,681.8000000000001,240,11858
16694,45001,685.8,249,11858
16704,45034,681,258,11858
16714,45069,714.5999999999999,260,11876
16724,45104,691.2,260,11882
16734,45140,720.2,250,11895
16744,45175,697.2,243,11895
16754,45210,701.8,231,11895
16764,45245,704.4000000000001,229,11876
16774,45279,671.4000000000001,236,11858
16784,45313,709.6,248,11852
16794,45349,676.6,258,11858
16804,45383,690,262,11876
16814,45419,696.8000000000001,264,11876
16824,45453,704,257,11895
16834,45489,701,245,11895
16844,45524,714.8000000000001,239,11882
16854,45559,679.4,234,11870
16864,45593,704.4000000000001,239,11864
16874,45628,676.4,249,11846
16884,45663,693.2,258,11864
16894,45698,709,258,11882
16904,45733,714.8000000000001,254,11895
16914,45769,703.2,247,11889
16924,45803,720.4,235,11895
16934,45839,678.4,222,11882
16944,45873,718.8,226,11870
16954,45907,674.4000000000001,236,11864
16964,45943,709.2,247,11864
16974,45977,698.4000000000001,256,11864
16984,46013,708.2,263,11876
16994,46047,702.8000000000001,260,11895
17004,46083,705.5999999999999,251,11889
17014,46117,690.2,244,11876
17024,46153,712.8,236,11889
17034,46187,690.8000000000001,235,11870
17044,46222,684.5999999999999,243,11858
17054,46257,699.8000000000001,257,11852
17064,46291,705,262,11876
17074,46327,719.8,259,11889
17084,46363,703.8,254,11895
17094,46397,702.4,246,11895
17104,46433,698,232,11901
17114,46467,694.4,227,11870
17124,46502,671.8,236,11858
17134,46537,707.4000000000001,244,11864
17144,46571,690.5999999999999,251,11858
17154,46607,711,256,11876
17164,46641,712.2,255,11889
17174,46677,700.6,246,11889
17184,46712,697.6,239,11889
17194,46747,708,235,11889
17204,46781,679.4,233,11870
17214,46817,708.8000000000001,239,11858
17224,46851,668.8,250,11858
17234,46886,705,256,11864
17244,46921,710.4000000000001,256,11889
17254,46957,704,251,11907
17264,46992,702.5999999999999,243,11895
17274,47027,707,230,11901
17284,47062,674,225,11876
17294,47097,711.8000000000001,229,11870
17304,47131,672.4,241,11858
17314,47167,712.2,249,11870
17324,47201,702.4,251,11889
17334,47237,708,250,11895
17344,47271,719.1999999999999,243,11895
17354,47307,682,236,11889
17364,47341,707.4000000000001,230,11882
17374,47377,696,233,11870
17384,47411,691.8,241,11864
17394,47445,690.2,252,11858
17404,47481,716.6,257,11882
17414,47516,689.4000000000001,254,11895
17424,47551,721,248,11895
17434,47587,701,241,11889
17444,47623,711.8000000000001,229,11889
17454,47657,689.4000000000001,223,11870
17464,47691,690,230,11864
17474,47727,689.1999999999999,243,11852
17484,47761,693,250,11870
17494,47796,685.8,255,11882
17504,47831,725.6,253,11901
17514,47867,674.4000000000001,244,11889
17524,47902,709.6,236,11882
17534,47937,677.4000000000001,231,11870
17544,47971,706.4,230,11870
17554,48006,690.5999999999999,237,11864
17564,48041,702.2,248,11858
17574,48075,678.8000000000001,256,11870
17584,48111,725.1999999999999,254,11901
17594,48147,690,248,11895
17604,48182,702.8000000000001,242,11889
17614,48217,695.8,233,11895
17624,48252,680,228,11876
17634,48287,708.2,231,11864
17644,48321,680.1999999999999,243,11858
17654,48356,694.8,252,11864
17664,48391,705.4,255,11876
17674,48427,699.4,255,11882
17684,48462,703.4,247,11889
17694,48497,698,239,11889
17704,48532,688.8,231,11882
17714,48567,701.4000000000001,229,11882
17724,48601,669.4,235,11870
17734,48636,703,246,11864
17744,48671,729.5999999999999,251,11870
17754,48706,692.6,250,11901
17764,48742,715.6,243,11901
17774,48777,703.8,235,11895
17784,48813,699.4,225,11889
17794,48847,713.1999999999999,217,11889
17804,48882,661.6,225,11864
17814,48917,710.6,235,11870
17824,48951,680,247,11858
17834,48987,711,252,11870
17844,49022,711.4,255,11882
17854,49057,715.2,248,11895
17864,49093,696.2,239,11889
17874,49128,702,232,11889
17884,49163,681.5999999999999,229,11882
17894,49197,706.2,232,11864
17904,49231,691.2,244,11858
17914,49267,676.6,249,11876
17924,49302,717.2,248,11889
17934,49337,700,244,11901
17944,49373,725.6,237,11901
17954,49408,690.2,225,11895
17964,49443,706,218,11882
17974,49478,696.5999999999999,224,11870
17984,49513,688.6,233,11864
17994,49547,698.4000000000001,243,11864
18004,49583,708,248,11882
18014,49618,697.8,251,11889
18024,49653,725.8,247,11895
18034,49689,689.1999999999999,238,11895
18044,49724,716.4000000000001,231,11895
18054,49759,693.8000000000001,229,11876
18064,49793,691.4,234,11858
18074,49828,687,246,11858
18084,49863,708,254,11870
18094,49897,682.2,256,11889
18104,49933,731.4000000000001,252,11901
18114,49969,687.8000000000001,243,11907
18124,50005,730.4,230,11895
18134,50039,692.4000000000001,220,11876
18144,50074,695.4000000000001,223,11864
18154,50109,689.6,232,11864
18164,50143,703.6,242,11870
18174,50179,675.2,247,11876
18184,50213,708.5999999999999,248,11882
18194,50249,703.6,243,11895
18204,50285,709.4,233,11895
18214,50319,711,225,11889
18224,50355,683.4000000000001,223,11876
18234,50389,714.5999999999999,227,11876
18244,50425,679,236,11852
18254,50459,724.8,246,11870
18264,50494,669.2,247,11889
18274,50529,704.8,244,11907
18284,50565,708.8000000000001,234,11907
18294,50601,709,224,11907
18304,50635,692.8,211,11895
18314,50671,710.1999999999999,214,11876
18324,50705,679.4,223,11864
18334,50740,720.4,235,11870
18344,50775,699.8000000000001,244,11876
18354,50810,706.6,249,11889
18364,50845,708.8000000000001,243,11907
18374,50881,713.6,233,11901
18384,50915,700.6,225,11889
18394,50951,707.6,219,11889
18404,50985,674.8,222,11870
18414,51021,707.4000000000001,233,11858
18424,51055,692.8,246,11864
18434,51091,705,250,11882
18444,51126,710.4000000000001,244,11901
18454,51162,688.6,239,11907
18464,51197,724,228,11907
18474,51233,694.2,216,11895
18484,51267,705,217,11876
18494,51301,679.6,225,11876
18504,51337,696.2,237,11864
18514,51371,704.4000000000001,242,11882
18524,51407,709.2,243,11895
18534,51442,710.6,239,11901
18544,51477,731,228,11907
18554,51513,697.4,220,11889
18564,51548,709.4,214,11895
18574,51583,692,219,11882
18584,51617,695.1999999999999,228,11858
18594,51652,700.6,240,11858
18604,51687,720,246,11876
18614,51723,695.1999999999999,245,11901
18624,51758,731,238,11907
18634,51793,691.8,229,11895
18644,51829,730.2,216,11901
18654,51864,681,212,11876
18664,51899,700.4,219,11870
18674,51933,686.4000000000001,231,11858
18684,51969,706.2,238,11876
18694,52003,701.8,243,11889
18704,52039,715.6,244,11895
18714,52075,702.8000000000001,236,11901
18724,52110,708.8000000000001,228,11895
18734,52145,706.2,223,11876
18744,52180,679.6,224,11876
18754,52215,700.2,229,11870
18764,52249,675.2,237,11870
18774,52285,706.4,242,11882
18784,52319,705.8000000000001,241,11901
18794,52355,710,236,11907
18804,52391,708.5999999999999,228,11907
18814,52426,705.8000000000001,218,11901
18824,52461,690,213,11889
18834,52497,695.6,217,11870
18844,52531,687.5999999999999,229,11858
18854,52566,715.4,238,11876
18864,52601,701.6,241,11889
18874,52637,732.2,243,11901
18884,52671,698.6,236,11901
18894,52707,716.4000000000001,228,11901
18904,52742,696,220,11889
18914,52777,701.6,220,11876
18924,52811,682.4,228,11870
18934,52847,725,238,11864
18944,52881,705.4,243,11882
18954,52917,733.2,244,11895
18964,52953,702.4,239,11901
18974,52989,708.5999999999999,230,11901
18984,53023,724.2,218,11907
18994,53059,678.8000000000001,211,11882
19004,53093,711,218,11876
19014,53129,679.4,227,11864
19024,53163,692.1999999999999,239,11864
19034,53199,721.6,242,11895
19044,53234,704,245,11901
19054,53269,715.2,234,11901
19064,53305,712.8,227,11901
19074,53339,698.1999999999999,217,11901
19084,53375,716,212,11889
19094,53409,675.4,217,11870
19104,53444,703.2,231,11864
19114,53479,717.8000000000001,238,11876
19124,53515,719,238,11901
19134,53551,707.4000000000001,236,11901
19144,53586,726.4,233,11895
19154,53621,698.1999999999999,222,11895
19164,53657,719.4000000000001,215,11889
19174,53691,668.1999999999999,220,11876
19184,53726,709.8,231,11870
19194,53761,701.4000000000001,238,11876
19204,53796,703.6,242,11876
19214,53831,721.6,241,11901
19224,53867,697,234,11901
19234,53903,713.4000000000001,225,11895
19244,53937,698.6,217,11895
19254,53973,708.5999999999999,216,11882
19264,54007,685.8,218,11876
19274,54042,692.4000000000001,231,11870
19284,54077,690.4,238,11876
19294,54113,718.4,240,11895
19304,54148,700.8,235,11907
19314,54183,724.6,228,11907
19324,54219,698.4000000000001,218,11907
19334,54255,702,211,11895
19344,54289,688.8,215,11870
19354,54324,701,225,11870
19364,54359,710.4000000000001,235,11876
19374,54394,707.8,241,11889
19384,54429,700.8,242,11895
19394,54465,729.4,235,11901
19404,54501,692.4000000000001,226,11895
19414,54536,724.8,220,11901
19424,54571,683,216,11882
19434,54605,695.4000000000001,221,11882
19444,54640,706.6,230,11870
19454,54675,708.2,239,11870
19464,54711,683.8,241,11889
19474,54747,716.4000000000001,235,11913
19484,54781,706.2,227,11901
19494,54817,711.4,217,11913
19504,54852,696.2,208,11901
19514,54887,692,210,11882
19524,54922,702.5999999999999,219,11870
19534,54957,679.8,229,11864
19544,54992,725,236,11876
19554,55027,683.8,240,11889
19564,55063,723.2,234,11907
19574,55099,712.4,225,11907
19584,55133,699,219,11901
19594,55169,701.6,215,11889
19604,55204,690.5999999999999,220,11876
19614,55239,695,230,11876
19624,55273,714,238,11876
19634,55309,689.4000000000001,239,11895
19644,55345,739.8,235,11901
19654,55379,679.8,227,11901
19664,55415,729.4,216,11901
19674,55451,688.6,210,11895
19684,55485,698.8,212,11876
19694,55520,696.5999999999999,220,11876
19704,55555,696.5999999999999,224,11889
19714,55591,694.2,229,11889
19724,55626,708.2,232,11895
19734,55661,702,229,11895
19744,55697,710.6,221,11907
19754,55732,710.4000000000001,219,11895
19764,55767,687,220,11882
19774,55802,699,224,11876
19784,55837,681.8000000000001,231,11864
19794,55872,723.4,239,11870
19804,55907,706.2,240,11895
19814,55943,728,237,11907
19824,55979,720.5999999999999,227,11907
19834,56014,702.5999999999999,218,11913
19844,56049,694.8,208,11895
19854,56084,707.8,211,11876
19864,56119,676,221,11864
19874,56154,732.4,229,11876
19884,56189,680.1999999999999,232,11895
19894,56225,727,232,11907
19904,56259,699.8000000000001,228,11901
19914,56295,717.2,221,11895
19924,56331,691.6,214,11895
19934,56366,697.2,212,11889
19944,56401,687.5999999999999,220,11870
19954,56435,706.6,231,11870
19964,56470,700.4,237,11882
19974,56506,718,237,11901
19984,56541,712.6,234,11907
19994,56577,711.2,227,11901
20004,56613,721.4,214,11913
20014,56648,681.5999999999999,206,11895
20024,56683,711.4,211,11876
20034,56717,686.8,220,11864
20044,56753,690.8000000000001,230,11876
20054,56788,708,234,11895
20064,56823,713.6,239,11895
20074,56859,713.8,231,11907
20084,56894,719.8,224,11901
20094,56929,690.2,214,11907
20104,56965,716.8,209,11889
20114,56999,675,215,11870
20124,57035,710.4000000000001,225,11876
20134,57069,704,229,11876
20144,57105,723.2,231,11901
20154,57140,710.4000000000001,228,11901
20164,57176,705.4,222,11901
20174,57211,703,210,11913
20184,57247,702.8000000000001,203,11901
20194,57282,693.4,209,11870
20204,57317,705.8000000000001,220,11870
20214,57351,686.8,230,11876
20224,57387,710.1999999999999,235,11889
20234,57423,724.2,238,11901
20244,57458,693.2,231,11901
20254,57493,723.8000000000001,220,11901
20264,57529,686.6,212,11895
20274,57564,712.2,208,11889
20284,57599,694.6,213,11882
20294,57633,691.2,224,11864
20304,57669,697.4,234,11876
20314,57704,699,235,11895
20324,57739,712.8,234,11901
20334,57775,718,229,11907
20344,57811,702,220,11901
20354,57846,721,209,11907
20364,57881,663.8000000000001,212,11870
20374,57915,716,223,11864
20384,57951,693.4,232,11882
20394,57987,716.1999999999999,235,11889
20404,58021,710.8,234,11901
20414,58057,709.8,229,11907
20424,58093,714.8000000000001,221,11895
20434,58128,699.5999999999999,211,11901
20444,58163,700.8,208,11901
20454,58198,708.2,212,11882
20464,58233,689,223,11870
20474,58268,698.1999999999999,227,11889
20484,58303,725.8,230,11895
20494,58339,700.8,227,11907
20504,58375,726.8000000000001,224,11901
20514,58410,702.5999999999999,214,11907
20524,58445,712.8,207,11901
20534,58481,696,207,11882
20544,58515,697.2,216,11882
20554,58551,707,226,11876
20564,58586,713.1999999999999,230,11895
20574,58621,699.5999999999999,233,11895
20584,58657,719.6,227,11907
20594,58692,693.5999999999999,218,11907
20604,58727,718.8,207,11901
20614,58763,690.2,203,11901
20624,58798,723.5999999999999,207,11882
20634,58832,694,216,11870
20644,58867,703,225,11876
20654,58903,702.5999999999999,229,11895
20664,58939,708.8000000000001,228,11913
20674,58974,712.6,223,11913
20684,59010,711.8000000000001,210,11913
20694,59045,706.4,201,11901
20704,59081,690.2,201,11889
20714,59115,698.8,209,11870
20724,59150,686,220,11876
20734,59185,720.5999999999999,229,11882
20744,59221,691.2,233,11901
20754,59256,726.2,230,11913
20764,59291,711.2,223,11901
20774,59327,705.2,217,11901
20784,59363,699.8000000000001,211,11882
20794,59397,706,215,11876
20804,59432,702.4,225,11870
20814,59467,711,233,11876
20824,59503,690,234,11901
20834,59539,741.8000000000001,229,11907
20844,59573,692.8,221,11913
20854,59609,737.4000000000001,211,11913
20864,59645,690.4,201,11901
20874,59680,705.4,201,11889
20884,59715,698.4000000000001,211,11876
20894,59750,691.8,221,11876
20904,59785,720,230,11876
20914,59821,710.1999999999999,234,11895
20924,59855,722.4000000000001,232,11901
20934,59891,710.6,223,11907
20944,59927,709.4,215,11907
20954,59962,690.2,209,11895
20964,59997,703.6,211,11876
20974,60033,681.2,218,11870
20984,60067,720,225,11882
20994,60103,692.8,230,11895
21004,60138,720.8000000000001,228,11913
21014,60173,696.2,221,11907
21024,60209,721.8,211,11919
21034,60245,709.8,203,11901
21044,60280,703.8,202,11889
21054,60315,690.2,208,11876
21064,60349,702.4,217,11889
21074,60385,693,222,11882
21084,60421,725.4000000000001,226,11901
21094,60456,683.6,224,11901
21104,60491,725.6,218,11901
21114,60527,697.4,212,11907
21124,60562,700.2,209,11889
21134,60597,706.6,213,11882
21144,60632,685.6,222,11876
21154,60667,733.2,229,11882
21164,60703,693.2,230,11901
21174,60739,725,228,11913
21184,60774,704.8,218,11913
21194,60809,713.6,208,11913
21204,60845,711.8000000000001,199,11907
21214,60879,695.4000000000001,198,11895
21224,60915,700.2,205,11876
21234,60949,707.6,215,11882
21244,60985,704,219,11895
21254,61021,721.6,220,11907
21264,61056,694.4,217,11901
21274,61091,732.5999999999999,212,11901
21284,61127,706,207,11901
21294,61162,698.8,205,11889
21304,61197,704.1999999999999,213,11876
21314,61232,708,223,11882
21324,61267,687.2,229,11889
21334,61303,724.8,229,11895
21344,61338,698.1999999999999,227,11901
21354,61375,727.4,221,11901
21364,61409,709.4,212,11907
21374,61445,698.4000000000001,205,11901
21384,61480,699.8000000000001,207,11876
21394,61515,678.4,216,11870
21404,61549,716.8,223,11882
21414,61585,712.8,225,11895
21424,61621,712.8,229,11901
21434,61656,712,224,11907
21444,61691,703.8,216,11913
21454,61727,696.5999999999999,207,11907
21464,61762,697.6,205,11895
21474,61797,695.1999999999999,210,11882
21484,61832,719.4000000000001,216,11882
21494,61867,688.8,221,11889
21504,61903,731.6,223,11901
21514,61939,701.4000000000001,219,11907
21524,61974,726.2,214,11907
21534,62009,709.2,204,11913
21544,62045,708.5999999999999,198,11907
21554,62080,695.4000000000001,204,11876
21564,62115,698,215,11876
21574,62150,685,222,11882
21584,62185,727,226,11895
21594,62221,695.6,229,11913
21604,62257,712.8,224,11907
21614,62291,717.8000000000001,214,11901
21624,62327,693.2,207,11901
21634,62363,716.1999999999999,203,11895
21644,62398,678.5999999999999,207,11882
21654,62433,711,215,11876
21664,62467,694,221,11882
21674,62503,717.2,220,11907
21684,62539,718,218,11907
21694,62574,714.4,216,11907
21704,62610,718.2,209,11901
21714,62645,711,200,11907
21724,62681,686.8,205,11876
21734,62715,713.1999999999999,214,11876
21744,62751,684,222,11882
21754,62787,733.2,226,11889
21764,62821,691.6,228,11907
21774,62857,727.8,225,11901
21784,62893,703.6,215,11901
21794,62929,700.4,208,11907
21804,62963,711.2,203,11901
21814,62999,697.2,207,11882
21824,63033,700,215,11882
21834,63069,699.2,221,11889
21844,63103,703.6,224,11907
21854,63139,717,223,11901
21864,63175,711.5999999999999,220,11901
21874,63211,716,210,11901
21884,63246,717.8000000000001,203,11907
21894,63281,688.6,206,11889
21904,63316,714,214,11882
21914,63351,684,220,11882
21924,63387,703.2,225,11882
21934,63423,705.8000000000001,225,11901
21944,63458,724.4,225,11901
21954,63493,709.2,214,11907
21964,63529,702,207,11907
21974,63564,695.4000000000001,203,11907
21984,63599,709,206,11889
21994,63633,675.2,218,11864
22004,63669,738.4,225,11876
22014,63704,695.1999999999999,226,11901
22024,63741,729.5999999999999,226,11907
22034,63775,698.1999999999999,219,11907
22044,63811,705,211,11907
22054,63847,718,198,11907
22064,63882,679,200,11882
22074,63917,707.4000000000001,208,11889
22084,63952,693,218,11876
22094,63987,701.1999999999999,224,11889
22104,64023,709,226,11907
22114,64058,714,223,11907
22124,64094,715.4,216,11901
22134,64129,694.6,209,11901
22144,64165,696.2,205,11889
22154,64200,704.1999999999999,211,11882
22164,64235,671.4000000000001,222,11870
22174,64269,721.6,231,11876
22184,64305,708,232,11895
22194,64341,727.8,229,11913
22204,64377,713.4000000000001,221,11907
22214,64412,717.2,212,11901
22224,64447,703.2,201,11907
22234,64483,703.2,199,11882
22244,64517,702.8000000000001,208,11876
22254,64553,717,216,11882
22264,64587,705.8000000000001,219,11895
22274,64623,723.2,217,11907
22284,64659,715.6,216,11919
22294,64695,703.6,207,11907
22304,64730,716,200,11907
22314,64766,683.1999999999999,198,11901
22324,64801,709.8,205,11876
22334,64835,685.6,216,11876
22344,64871,710,226,11876
22354,64907,725.4000000000001,228,11901
22364,64941,714.4,226,11913
22374,64977,711.2,218,11913
22384,65013,713.1999999999999,210,11913
22394,65048,702.4,201,11913
22404,65083,717.4,197,11895
22414,65118,681.5999999999999,205,11882
22424,65154,737.4000000000001,212,11889
22434,65189,696,215,11895
22444,65225,738.4,217,11901
22454,65260,707.1999999999999,215,11901
22464,65296,709.2,211,11901
22474,65331,715.8,206,11901
22484,65367,696,204,11895
22494,65401,701,210,11895
22504,65437,699.5999999999999,218,11876
22514,65471,715.6,226,11876
22524,65507,721.8,228,11895
22534,65543,719.1999999999999,224,11919
22544,65579,707.4000000000001,218,11913
22554,65614,709.4,212,11907
22564,65649,698.4000000000001,204,11895
22574,65685,705.2,202,11895
22584,65719,682.2,209,11876
22594,65755,719,220,11882
22604,65790,701.8,222,11901
22614,65825,726.5999999999999,222,11907
22624,65861,698.4000000000001,216,11919
22634,65897,709.8,210,11907
22644,65932,700.4,202,11901
22654,65967,716.6,201,11889
22664,66003,673.4,208,11876
22674,66037,722,216,11889
22684,66073,699.2,223,11889
22694,66109,726.2,226,11895
22704,66143,716.4000000000001,222,11901
22714,66180,696.5999999999999,216,11907
22724,66215,715.2,207,11901
22734,66251,691.2,202,11895
22744,66285,711.2,203,11889
22754,66321,676,209,11876
22764,66355,705.4,216,11901
22774,66391,722.4000000000001,216,11895
22784,66427,710.1999999999999,216,11913
22794,66463,725.1999999999999,212,11919
22804,66498,714,205,11907
22814,66533,702.8000000000001,200,11913
22824,66569,714,198,11895
22834,66603,679.8,204,11889
22844,66639,729.8000000000001,211,11882
22854,66674,717.5999999999999,216,11889
22864,66709,711.2,216,11907
22874,66745,710,216,11913
22884,66781,712.8,211,11907
22894,66816,707.1999999999999,200,11919
22904,66852,693,195,11901
22914,66887,700.2,200,11889
22924,66923,707,209,11876
22934,66957,703.8,217,11889
22944,66993,713.8,220,11907
22954,67028,708.4,223,11913
22964,67064,701.6,216,11907
22974,67099,719.8,206,11901
22984,67135,692.4000000000001,200,11907
22994,67170,726.5999999999999,197,11907
23004,67205,688,204,11882
23014,67239,716.4000000000001,214,11876
23024,67275,713,220,11882
23034,67311,699.8000000000001,220,11907
23044,67346,717.4,215,11919
23054,67382,704.6,209,11926
23064,67417,725.6,192,11932
23074,67453,711.8000000000001,185,11919
23084,67487,685.6,189,11882
23094,67523,737.1999999999999,200,11876
23104,67559,691.8,209,11882
23114,67595,731,213,11907
23124,67629,693,220,11895
23134,67665,711.8000000000001,217,11907
23144,67701,719.4000000000001,208,11901
23154,67737,694.4,201,11913
23164,67771,725,205,11889
23174,67807,685.2,211,11876
23184,67841,710.6,222,11870
23194,67877,707.1999999999999,224,11895
23204,67911,707.6,227,11907
23214,67947,724.2,223,11913
23224,67983,704.4000000000001,215,11913
23234,68019,714,201,11913
23244,68055,710.4000000000001,192,11919
23254,68089,692.8,195,11889
23264,68125,723,204,11876
23274,68159,695,211,11889
23284,68195,722.4000000000001,218,11889
23294,68231,701.6,221,11907
23304,68267,719,218,11907
23314,68302,703.4,209,11913
23324,68338,713.1999999999999,202,11907
23334,68373,704.1999999999999,199,11901
23344,68408,703,204,11876
23354,68443,688.2,216,11870
23364,68478,735,222,11889
23374,68513,707.4000000000001,223,11901
23384,68549,710.6,221,11913
23394,68585,705.8000000000001,215,11907
23404,68621,704.6,202,11926
23414,68656,716.1999999999999,190,11913
23424,68691,694,193,11889
23434,68726,709.6,203,11876
23444,68761,698.4000000000001,212,11882
23454,68797,714.8000000000001,217,11895
23464,68832,714,224,11907
23474,68868,714.5999999999999,222,11913
23484,68903,715.6,214,11901
23494,68939,720.4,207,11901
23504,68975,700.4,206,11889
23514,69009,712.8,210,11882
23524,69045,679.4,219,11876
23534,69080,730.8,226,11889
23544,69115,710.6,226,11901
23554,69151,711,223,11907
23564,69187,705,218,11901
23574,69223,705.4,209,11901
23584,69257,720.5999999999999,201,11907
23594,69293,683.8,203,11889
23604,69327,709.6,214,11876
23614,69363,698.6,219,11882
23624,69399,693.5999999999999,222,11907
23634,69434,707.1999999999999,221,11913
23644,69469,721,218,11907
23654,69505,711.2,211,11901
23664,69541,708,204,11901
23674,69576,691.4,205,11889
23684,69611,706.6,210,11882
23694,69647,692.4000000000001,221,11870
23704,69681,704.8,227,11889
23714,69717,704.8,227,11901
23724,69753,721.4,222,11919
23734,69789,707,215,11907
23744,69824,729.2,206,11913
23754,69859,701.6,198,11901
23764,69895,698.8,198,11889
23774,69929,698.6,209,11876
23784,69965,706.4,219,11882
23794,70000,700.2,220,11901
23804,70036,719.4000000000001,217,11907
23814,70071,718.6,215,11907
23824,70107,710.1999999999999,206,11907
23834,70143,709,199,11901
23844,70178,686.8,199,11889
23854,70213,718,209,11882
23864,70248,696.2,218,11876
23874,70283,705.8000000000001,227,11882
23884,70319,710.1999999999999,226,11901
23894,70355,708,222,11913
23904,70391,703.8,213,11926
23914,70426,715.8,204,11907
23924,70461,693,199,11907
23934,70497,706.6,201,11882
23944,70531,685.4,210,11876
23954,70567,722.8,214,11895
23964,70602,696,217,11895
23974,70639,744.8000000000001,216,11913
23984,70673,696.2,209,11907
23994,70709,717.8000000000001,200,11907
24004,70745,713.6,198,11901
24014,70780,687.8000000000001,199,11895
24024,70815,716,206,11882
24034,70850,688,218,11876
24044,70885,711.5999999999999,225,11882
24054,70921,717,224,11895
24064,70957,711.8000000000001,221,11913
24074,70993,714,214,11913
24084,71029,705,205,11907
24094,71063,699.4,200,11889
24104,71099,705,203,11889
24114,71133,677.8,213,11870
24124,71169,741,220,11876
24134,71205,706.8,223,11907
24144,71240,723,221,11913
24154,71275,687.8000000000001,211,11913
24164,71311,726.5999999999999,205,11901
24174,71347,700.6,197,11901
24184,71383,707,196,11901
24194,71417,702.8000000000001,202,11889
24204,71453,713.4000000000001,212,11895
24214,71487,695.6,214,11895
24224,71523,711,210,11907
24234,71559,715.4,207,11907
24244,71595,716.8,202,11913
24254,71630,707,195,11907
24264,71666,690.8000000000001,193,11895
24274,71701,712.8,203,11876
24284,71736,682.6,212,11889
24294,71771,724.4,218,11889
24304,71807,712.8,218,11907
24314,71843,708.8000000000001,218,11913
24324,71878,707.4000000000001,208,11919
24334,71913,721.2,200,11901
24344,71949,702.8000000000001,195,11913
24354,71985,714.4,197,11895
24364,72019,696,205,11876
24374,72055,733.4,212,11895
24384,72089,689.6,215,11895
24394,72125,730.6,213,11907
24404,72161,697,211,11907
24414,72197,721.2,206,11907
24424,72233,706.6,199,11907
24434,72268,698.4000000000001,199,11901
24444,72303,706.8,205,11889
24454,72338,690.5999999999999,213,11889
24464,72373,722.1999999999999,217,11895
24474,72409,692.8,216,11907
24484,72445,716.8,214,11919
24494,72481,700.2,204,11913
24504,72516,708.5999999999999,197,11907
24514,72551,702.8000000000001,188,11907
24524,72587,699.2,191,11895
24534,72621,704.4000000000001,201,11876
24544,72657,709,211,11882
24554,72692,694.4,215,11895
24564,72728,727.6,216,11907
24574,72763,683.1999999999999,213,11907
24584,72799,747.4,208,11901
24594,72835,700.2,197,11919
24604,72871,715,196,11895
24614,72905,704,202,11876
24624,72941,707,210,11876
24634,72975,711.2,215,11901
24644,73011,697.4,218,11901
24654,73047,709.8,219,11913
24664,73083,698.1999999999999,210,11913
24674,73119,710,201,11913
24684,73154,697.6,194,11901
24694,73189,700.8,198,11889
24704,73224,698,208,11876
24714,73259,725.1999999999999,217,11889
24724,73295,694.4,222,11895
24734,73329,725.1999999999999,225,11913
24744,73365,698.8,218,11919
24754,73401,717.8000000000001,209,11913
24764,73437,695.4000000000001,195,11907
24774,73473,712.6,193,11895
24784,73507,697,199,11882
24794,73543,710.4000000000001,208,11889
24804,73577,686.8,215,11889
24814,73613,731.8,219,11901
24824,73649,699,219,11913
24834,73685,719.4000000000001,209,11913
24844,73721,697.6,201,11907
24854,73756,708.5999999999999,196,11895
24864,73791,699.4,198,11882
24874,73826,684.8000000000001,210,11876
24884,73861,718.4,219,11889
24894,73897,696.4,223,11901
24904,73933,736.8,220,11913
24914,73969,702.2,214,11907
24924,74003,712,206,11901
24934,74039,714.5999999999999,193,11913
24944,74075,708.2,191,11907
24954,74110,702.4,200,11882
24964,74145,705.5999999999999,209,11889
24974,74181,690.8000000000001,214,11901
24984,74216,730,217,11901
24994,74251,700,217,11907
25004,74287,735.8000000000001,209,11926
25014,74323,686.4000000000001,201,11901
25024,74359,724.6,199,11901
25034,74393,690,202,11901
25044,74429,703.4,209,11876
25054,74463,709.4,213,11889
25064,74500,710.6,218,11901
25074,74535,729.5999999999999,216,11913
25084,74571,700.2,209,11907
25094,74607,712.8,204,11913
25104,74642,694,196,11901
25114,74677,710,199,11895
25124,74712,706.4,205,11876
25134,74747,724.4,212,11889
25144,74783,691,213,11901
25154,74819,733.6,214,11907
25164,74855,697.4,207,11913
25174,74890,731.6,200,11926
25184,74925,692.6,190,11913
25194,74961,717.4,190,11901
25204,74996,688.2,196,11882
25214,75031,713.1999999999999,207,11882
25224,75067,689.6,214,11882
25234,75102,701.4000000000001,218,11901
25244,75138,712.2,215,11926
25254,75174,708.4,209,11913
25264,75209,720.8000000000001,204,11907
25274,75245,709.4,195,11913
25284,75280,696.8000000000001,195,11901
25294,75315,702.4,203,11895
25304,75350,708,212,11889
25314,75385,692.6,212,11913
25324,75421,730.8,209,11913
25334,75457,716.6,205,11913
25344,75493,732.5999999999999,200,11901
25354,75528,695.6,192,11913
25364,75563,716.4000000000001,189,11913
25374,75599,696,195,11889
25384,75634,700.6,206,11876
25394,75669,716.4000000000001,213,11882
25404,75705,701.6,215,11895
25414,75741,709.8,216,11901
25424,75776,718.4,212,11913
25434,75811,700,208,11901
25444,75847,724.6,200,11907
25454,75883,679.4,201,11889
25464,75918,720.5999999999999,206,11889
25474,75953,713.8,214,11895
25484,75989,713.6,216,11907
25494,76025,732.2,214,11919
25504,76060,698,209,11913
25514,76095,724,203,11907
25524,76131,688.8,199,11901
25534,76166,716.1999999999999,199,11901
25544,76201,684.8000000000001,202,11882
25554,76237,687.5999999999999,213,11889
25564,76272,738.4,214,11895
25574,76307,713.1999999999999,213,11913
25584,76343,713.1999999999999,209,11913
25594,76379,720.5999999999999,203,11913
25604,76415,701.6,194,11913
25614,76450,719.4000000000001,189,11907
25624,76485,680.1999999999999,195,11882
25634,76521,726.8000000000001,206,11876
25644,76555,699,212,11889
25654,76591,715.4,217,11895
25664,76627,721.8,219,11913
25674,76663,697.2,212,11913
25684,76698,724,204,11907
25694,76734,695.8,196,11907
25704,76769,723.8000000000001,194,11895
25714,76805,685.4,194,11901
25724,76839,708.4,206,11882
25734,76875,715,210,11889
25744,76910,727,212,11895
25754,76946,724.4,215,11907
25764,76981,708.8000000000001,211,11919
25774,77017,717.4,201,11919
25784,77053,718.4,191,11913
25794,77088,687,195,11882
25804,77123,735.5999999999999,201,11876
25814,77159,701.4000000000001,205,11895
25824,77194,721.6,211,11901
25834,77229,711.8000000000001,213,11913
25844,77266,725.1999999999999,208,11919
25854,77301,701.8,199,11907
25864,77337,697.4,194,11901
25874,77371,716.4000000000001,196,11889
25884,77407,693.4,199,11889
25894,77441,696.2,209,11882
25904,77477,719.8,214,11895
25914,77531,700.6,213,11907
25924,77549,708,210,11913
25934,77603,721,199,11907
25944,77621,697.2,197,11913
25954,77673,709.8,193,11895
25964,77691,690,196,11882
25974,77726,720,205,11882
25984,77779,700.2,214,11901
25994,77815,726.5999999999999,215,11913
26004,77850,719.8,210,11919
26014,77868,725,207,11913
26024,77903,707.8,198,11907
26034,77939,721.2,192,11913
26044,77975,700,193,11889
26054,78011,715.6,198,11882
26064,78045,679.8,210,11876
26074,78081,728,217,11889
26084,78115,704.1999999999999,219,11919
26094,78152,716,213,11919
26104,78187,712.4,204,11919
26114,78241,705.2,185,11926
26124,78258,734.4000000000001,182,11907
26134,78311,692,192,11882
26144,78347,728.6,201,11901
26154,78381,682.8,206,11901
26164,78417,740.4000000000001,212,11913
26174,78453,705.8000000000001,210,11907
26184,78489,719,202,11913
26194,78525,721.4,197,11907
26204,78560,690.8000000000001,197,11895
26214,78595,708.4,203,11876
26224,78613,715.6,205,11876
26234,78648,690.5999999999999,215,11876
26244,78683,732,224,11882
26254,78719,693.8000000000001,225,11901
26264,78755,739,222,11913
26274,78790,701.1999999999999,212,11919
26284,78826,720.8000000000001,203,11919
26294,78879,699.4,193,11901
26304,78914,678.8000000000001,203,11876
26314,78949,716,208,11889
26324,78985,693.8000000000001,213,11895
26334,79020,736.4,216,11901
26344,79055,696.2,214,11907
26354,79092,730.6,205,11919
26364,79127,699.2,196,11913
26374,79163,710.8,194,11901
26384,79197,709.2,199,11889
26394,79233,694.6,207,11889
26404,79251,683.8,210,11882
26414,79287,709,216,11895
26424,79321,694.2,218,11901
26434,79358,738,215,11913
26444,79393,705.8000000000001,207,11913
26454,79429,726.5999999999999,199,11919
26464,79464,703.8,193,11901
26474,79517,699.5999999999999,205,11882
26484,79552,725.1999999999999,210,11895
26494,79587,712.4,212,11907
26504,79623,746.4000000000001,213,11919
26514,79659,705,208,11919
26524,79695,722,201,11919
26534,79731,692.1999999999999,193,11913
26544,79765,712.4,192,11907
26554,79801,702.2,198,11889
26564,79836,715.2,206,11889
26574,79871,691.6,213,11889
26584,79907,728.1999999999999,213,11913
26594,79942,699.4,211,11919
26604,79960,725.6,209,11926
26614,79996,720.5999999999999,199,11919
26624,80049,709.2,186,11919
26634,80067,688.4,186,11901
26644,80120,687.4,199,11889
26654,80155,723.2,208,11901
26664,80191,685.8,211,11901
26674,80227,730,213,11907
26684,80262,700,207,11926
26694,80297,716.1999999999999,200,11919
26704,80333,704,191,11919
26714,80369,712.2,191,11907
26724,80404,704.1999999999999,194,11895
26734,80439,704.6,202,11889
26744,80475,693.5999999999999,209,11889
26754,80510,722.8,210,11907
26764,80545,686.8,210,11901
26774,80581,736.4,204,11926
26784,80617,697.8,197,11919
26794,80653,721.2,186,11919
26804,80670,707.4000000000001,186,11895
26814,80705,695.6,195,11882
26824,80741,703.4,203,11882
26834,80794,696,210,11907
26844,80829,747.5999999999999,207,11926
26854,80865,691.6,200,11919
26864,80901,727.4,191,11913
26874,80937,708.5999999999999,182,11919
26884,80972,716,184,11913
26894,81007,698.4000000000001,193,11889
26904,81042,695.8,205,11882
26914,81077,702.2,211,11889
26924,81113,735.2,214,11895
26934,81149,695.8,213,11907
26944,81185,740.6,207,11926
26954,81221,693.5999999999999,197,11919
26964,81256,730.6,189,11913
26974,81291,683.4000000000001,194,11882
26984,81327,705.8000000000001,204,11882
26994,81361,699.5999999999999,213,11882
27004,81397,699,219,11901
27014,81415,703.6,220,11907
27024,81451,726.2,219,11919
27034,81504,724.6,204,11913
27044,81540,705.2,192,11919
27054,81575,708.5999999999999,191,11895
27064,81611,702.2,196,11882
27074,81645,701.4000000000001,208,11876
27084,81681,695.6,216,11889
27094,81717,729.5999999999999,217,11913
27104,81752,696.5999999999999,212,11919
27114,81787,733.2,206,11926
27124,81823,701.4000000000001,195,11913
27134,81859,722.6,188,11919
27144,81894,686.6,190,11901
27154,81929,717.8000000000001,201,11889
27164,81965,700.4,208,11889
27174,82001,720.4,212,11913
27184,82036,703.4,210,11919
27194,82072,723.2,205,11926
27204,82107,721.8,197,11913
27214,82143,707,188,11913
27224,82179,701.1999999999999,187,11901
27234,82213,696.5999999999999,197,11882
27244,82249,697.4,209,11882
27254,82285,713.8,217,11889
27264,82319,732.5999999999999,219,11907
27274,82355,706.2,215,11919
27284,82391,727.4,208,11919
27294,82427,704.6,196,11926
27304,82463,712,186,11913
27314,82497,699.4,188,11895
27324,82533,709,198,11882
27334,82568,715.2,205,11889
27344,82603,701.1999999999999,208,11913
27354,82639,715,212,11919
27364,82675,719.4000000000001,206,11919
27374,82711,710.1999999999999,197,11919
27384,82747,715,189,11913
27394,82782,685,190,11895
27404,82817,709,198,11882
27414,82852,684.5999999999999,210,11876
27424,82887,714.8000000000001,217,11895
27434,82923,727,216,11913
27444,82959,715.6,211,11919
27454,82995,732,203,11913
27464,83031,685.8,190,11919
27474,83065,721.4,182,11907
27484,83101,683.8,187,11901
27494,83136,710.4000000000001,196,11895
27504,83172,731.6,201,11901
27514,83207,699.5999999999999,202,11919
27524,83243,724.6,199,11926
27534,83279,713.1999999999999,195,11926
27544,83314,707.1999999999999,188,11913
27554,83350,719.1999999999999,184,11907
27564,83385,685.8,191,11889
27574,83420,723,202,11889
27584,83455,691.8,215,11882
27594,83491,725,219,11901
27604,83527,708.2,218,11913
27614,83563,718,211,11919
27624,83598,723.2,203,11913
27634,83634,687.8000000000001,195,11913
27644,83669,728,190,11913
27654,83705,687.2,194,11889
27664,83739,723.2,202,11889
27674,83775,713.8,206,11895
27684,83811,707,208,11907
27694,83847,726.4,203,11926
27704,83882,698,200,11913
27714,83918,719.4000000000001,194,11913
27724,83953,709.6,188,11913
27734,83989,693.2,193,11895
27744,84023,727,203,11889
27754,84059,702.2,211,11895
27764,84095,728,213,11895
27774,84129,695.6,214,11913
27784,84167,733.6,208,11919
27794,84201,711,200,11901
27804,84237,715.4,193,11907
27814,84273,716.4000000000001,193,11901
27824,84308,694.4,200,11882
27834,84343,715.6,208,11889
27844,84379,701.8,210,11895
27854,84414,708.8000000000001,209,11913
27864,84450,713.6,205,11919
27874,84485,704.8,201,11913
27884,84521,721.2,194,11907
27894,84557,711.4,190,11907
27904,84592,701.8,196,11895
27914,84627,697.6,206,11882
27924,84662,687.4,212,11889
27934,84698,717.2,213,11907
27944,84733,690.2,212,11919
27954,84769,736.6,205,11932
27964,84805,697.6,193,11932
27974,84841,729.8000000000001,185,11919
27984,84876,700.8,187,11889
27994,84911,701.4000000000001,196,11876
28004,84946,710.4000000000001,203,11895
28014,84982,723.4,212,11901
28024,85017,722,214,11913
28034,85053,707.4000000000001,205,11932
28044,85089,714.2,197,11919
28054,85125,722.8,187,11919
28064,85160,717.4,182,11913
28074,85195,696.5999999999999,187,11895
28084,85231,716.8,200,11882
28094,85266,692.4000000000001,206,11889
28104,85301,717.5999999999999,210,11913
28114,85337,712.4,210,11913
28124,85373,728,207,11919
28134,85409,726.2,197,11919
28144,85445,719.1999999999999,187,11926
28154,85480,701,191,11882
28164,85515,711.8000000000001,200,11882
28174,85550,700.2,205,11901
28184,85586,729.4,207,11901
28194,85621,709.6,212,11913
28204,85657,719,207,11913
28214,85692,694.4,202,11907
28224,85729,712.8,191,11926
28234,85763,704.8,192,11913
28244,85799,697,195,11901
28254,85833,708.4,203,11876
28264,85869,694.6,206,11895
28274,85905,729.5999999999999,208,11901
28284,85941,706.2,209,11913
28294,85977,720.4,206,11907
28304,86013,709,195,11919
28314,86048,719.4000000000001,188,11919
28324,86083,699,191,11889
28334,86118,709.4,199,11882
28344,86153,715.4,205,11882
28354,86189,716,210,11901
28364,86225,700.2,214,11913
28374,86261,720.8000000000001,210,11913
28384,86296,685.8,203,11907
28394,86332,731,193,11926
28404,86367,696.2,192,11895
28414,86403,713.1999999999999,197,11895
28424,86437,696.5999999999999,208,11882
28434,86473,705.2,213,11889
28444,86508,701.1999999999999,215,11907
28454,86545,703.2,212,11913
28464,86579,737,206,11926
28474,86616,704.8,193,11926
28484,86651,721.8,184,11913
28494,86687,696.8000000000001,185,11901
28504,86721,713.4000000000001,196,11876
28514,86757,715.8,204,11889
28524,86793,715.2,208,11895
28534,86828,708,213,11901
28544,86864,722.6,208,11926
28554,86900,702.8000000000001,202,11907
28564,86936,721.8,193,11919
28574,86971,697.6,192,11901
28584,87007,716.1999999999999,196,11889
28594,87041,690,207,11876
28604,87077,723.8000000000001,212,11901
28614,87112,687.5999999999999,213,11907
28624,87149,717.2,210,11926
28634,87183,728.8,205,11919
28644,87219,697,193,11926
28654,87255,729.8000000000001,185,11926
28664,87291,685.2,186,11907
28674,87325,705.8000000000001,197,11882
28684,87361,703.4,204,11889
28694,87397,700.2,208,11901
28704,87432,716.1999999999999,207,11919
28714,87467,717.2,202,11926
28724,87503,715.6,192,11919
28734,87539,721.8,181,11919
28744,87575,696.5999999999999,180,11901
28754,87611,717.8000000000001,189,11895
28764,87645,683.4000000000001,202,11889
28774,87681,721,210,11882
28784,87716,724.4,214,11907
28794,87752,729.5999999999999,212,11919
28804,87787,715.4,202,11919
28814,87823,712,193,11913
28824,87859,722.1999999999999,187,11913
28834,87895,696,188,11895
28844,87929,713.1999999999999,198,11889
28854,87965,708.2,202,11901
28864,88000,706.6,202,11919
28874,88036,714,200,11919
28884,88072,714.8000000000001,196,11919
28894,88107,721.2,188,11913
28904,88143,704.1999999999999,184,11907
28914,88179,693.2,188,11901
28924,88213,707.6,197,11889
28934,88249,694.8,207,11882
28944,88284,709,215,11895
28954,88321,718.4,215,11907
28964,88356,726.5999999999999,210,11926
28974,88391,707.4000000000001,203,11913
28984,88427,722,195,11919
28994,88463,709.2,189,11907
29004,88499,715.6,190,11901
29014,88533,706.4,198,11901
29024,88569,709.8,201,11901
29034,88604,695,203,11913
29044,88640,726.2,196,11932
29054,88675,723.2,190,11926
29064,88711,715,182,11919
29074,88747,714,179,11919
29084,88783,690.2,182,11895
29094,88817,718.6,193,11895
29104,88853,697.4,202,11895
29114,88888,712.4,207,11913
29124,88924,720.2,205,11913
29134,88959,726.5999999999999,197,11938
29144,88995,704.8,191,11919
29154,89031,718,185,11913
29164,89067,689.6,181,11907
29174,89102,707.6,190,11895
29184,89137,687.2,200,11901
29194,89173,739.2,205,11901
29204,89208,700.2,206,11913
29214,89245,731.6,202,11926
29224,89279,703.4,196,11919
29234,89315,721.4,190,11907
29244,89351,711,186,11913
29254,89386,695.6,191,11895
29264,89421,709.8,199,11895
29274,89457,680.6,207,11895
29284,89492,728.6,205,11913
29294,89528,694.6,202,11926
29304,89563,726.2,196,11926
29314,89599,716.1999999999999,188,11919
29324,89635,697.2,182,11919
29334,89671,713,184,11901
29344,89706,698.8,191,11901
29354,89741,698.8,199,11901
29364,89777,725.1999999999999,206,11895
29374,89812,685.6,206,11919
29384,89848,742.8,202,11926
29394,89883,693.4,197,11913
29404,89919,729,190,11919
29414,89955,702.8000000000001,186,11913
29424,89990,708,191,11895
29434,90025,709,200,11882
29444,90061,706,207,11895
29454,90096,723,209,11907
29464,90131,702.4,209,11919
29474,90167,731,204,11919
29484,90203,695.4000000000001,194,11919
29494,90239,720.5999999999999,187,11919
29504,90275,707.1999999999999,186,11901
29514,90309,700.4,195,11882
29524,90345,728.1999999999999,203,11889
29534,90380,720.5999999999999,207,11907
29544,90416,705.5999999999999,208,11913
29554,90452,724.6,206,11913
29564,90487,681.2,198,11907
29574,90523,731.1999999999999,189,11919
29584,90559,688.2,186,11901
29594,90594,715.8,194,11895
29604,90629,681,202,11882
29614,90664,695.8,209,11895
29624,90699,720,212,11907
29634,90735,703.6,213,11913
29644,90771,723.4,207,11919
29654,90807,707.6,194,11919
29664,90843,729.5999999999999,183,11919
29674,90878,701.8,183,11907
29684,90913,698,191,11882
29694,90949,706.4,198,11889
29704,90984,718.8,204,11901
29714,91019,715,208,11913
29724,91055,721.2,204,11926
29734,91091,711,197,11913
29744,91127,728,187,11913
29754,91163,679.6,186,11901
29764,91198,723.8000000000001,192,11895
29774,91233,701.4000000000001,201,11882
29784,91268,723.8000000000001,209,11895
29794,91303,712.4,212,11907
29804,91339,728,211,11913
29814,91375,724.8,204,11913
29824,91411,717.2,196,11926
29834,91447,720.8000000000001,189,11919
29844,91482,685,189,11901
29854,91517,699.5999999999999,199,11882
29864,91552,695.1999999999999,205,11889
29874,91587,718.6,207,11907
29884,91623,724.2,207,11919
29894,91659,711.5999999999999,201,11919
29904,91695,716.1999999999999,193,11919
29914,91731,716.4000000000001,183,11919
29924,91767,691.6,185,11901
29934,91801,714.2,193,11889
29944,91837,694,205,11889
29954,91871,712.6,211,11895
29964,91907,715.6,209,11913
29974,91943,744.4,206,11926
29984,91979,719,196,11926
29994,92015,720,188,11919
