time_us,encoder_value
91, 173
10101, 198
20111, 225
30120, 254
40130, 287
50140, 322
60150, 358
70159, 394
80169, 433
90179, 472
100189, 514
110198, 558
120208, 603
130218, 650
140228, 699
150238, 749
160247, 801
170257, 855
180267, 910
190277, 967
200286, 1026
210296, 1089
220306, 1153
230316, 1218
240325, 1286
250335, 1355
260345, 1425
270355, 1497
280364, 1572
290374, 1648
300384, 1725
310394, 1805
320404, 1885
330413, 1968
350433, 2140
360443, 2230
370452, 2321
380462, 2414
390472, 2508
400482, 2605
410491, 2701
420501, 2800
430511, 2902
440521, 3004
450531, 3109
460540, 3216
470550, 3326
480560, 3437
490570, 3549
500579, 3662
510589, 3776
520599, 3893
530609, 4012
540618, 4132
550628, 4257
560638, 4382
570648, 4510
580657, 4639
590667, 4769
600677, 4899
610687, 5034
620697, 5171
630706, 5309
640716, 5450
650726, 5591
660736, 5735
670745, 5877
680755, 6025
690765, 6174
700775, 6326
710784, 6481
720794, 6634
730804, 6790
740814, 6946
750823, 7104
760833, 7267
770843, 7430
780853, 7597
790863, 7764
800872, 7930
810882, 8098
820892, 8271
830902, 8446
840911, 8623
850921, 8801
860931, 8978
870941, 9158
880950, 9342
890960, 9528
900970, 9715
910980, 9901
920989, 10089
930999, 10280
941009, 10474
951019, 10671
961029, 10868
971038, 11066
981048, 11266
991058, 11469
1001068, 11675
1011077, 11881
1021087, 12086
1031097, 12294
1041107, 12507
1051116, 12722
1061126, 12936
1071136, 13152
1081146, 13370
1091156, 13593
1101165, 13815
1111175, 14038
1121185, 14264
1131195, 14489
1141204, 14721
1151214, 14952
1161224, 15183
1171234, 15417
1181243, 15655
1191253, 15895
1201263, 16132
1211273, 16373
1221282, 16620
1231292, 16868
1241302, 17113
1251312, 17362
1261322, 17614
1271331, 17867
1281341, 18120
1291351, 18373
1301361, 18631
1311370, 18892
1321380, 19152
1331390, 19414
1341400, 19680
1351409, 19948
1361419, 20213
1371429, 20480
1381439, 20751
1391448, 21028
1401458, 21299
1411468, 21575
1421478, 21856
1431488, 22135
1441497, 22415
1451507, 22698
1461517, 22983
1471527, 23268
1481536, 23557
1491546, 23851
1501556, 24144
1511566, 24434
1521575, 24732
1531585, 25032
1541595, 25329
1551605, 25628
1561614, 25933
1571624, 26238
1581634, 26540
1591644, 26848
1601654, 27158
1611663, 27465
1621673, 27778
1631683, 28094
1641693, 28409
1651702, 28727
1661712, 29047
1671722, 29365
1681732, 29683
1691741, 30009
1701751, 30336
1711761, 30661
1721771, 30992
1731781, 31325
1741790, 31654
1751800, 31992
1761810, 32331
1771820, 32665
1781829, 33005
1791839, 33349
1801849, 33687
1811859, 34035
1821868, 34382
1831878, 34727
1841888, 35077
1851898, 35429
1861907, 35776
1871917, 36133
1881927, 36490
1891937, 36845
1901947, 37205
1911956, 37563
1921966, 37924
1931976, 38290
1941986, 38653
1951995, 39024
1962005, 39392
1972015, 39764
1982025, 40134
1992034, 40510
2002044, 40882
2012054, 41261
2022064, 41640
2032073, 42018
2042083, 42403
2052093, 42785
2062103, 43170
2072113, 43558
2082122, 43942
2092132, 44334
2102142, 44726
2112152, 45115
2122161, 45513
2132171, 45904
2142181, 46304
2152191, 46704
2162200, 47102
2172210, 47510
2182220, 47908
2192230, 48314
2202239, 48724
2212249, 49130
2222259, 49545
2232269, 49954
2242279, 50367
2252288, 50785
2262298, 51198
2272308, 51619
2282318, 52036
2292327, 52456
2302337, 52879
2312347, 53303
2322357, 53728
2332366, 54153
2342376, 54584
2352386, 55011
2362396, 55444
2372406, 55879
2382415, 56311
2392425, 56750
2402435, 57183
2412445, 57628
2422454, 58068
2432464, 58510
2442474, 58956
2452484, 59399
2462493, 59849
2472503, 60295
2482513, 60747
2492523, 61197
2502532, 61650
2512542, 62105
2522552, 62558
2532562, 63017
2542572, 63472
2552581, 63941
2562591, 64397
2572601, 64867
2582611, 65328
2592620, 65795
2602630, 66263
2612640, 66732
2622650, 67205
2632659, 67675
2642669, 68153
2652679, 68624
2662689, 69104
2672698, 69578
2682708, 70060
2692718, 70538
2702728, 71024
2712738, 71506
2722747, 71996
2732757, 72481
2742767, 72974
2752777, 73461
2762786, 73953
2772796, 74446
2782806, 74940
2792816, 75437
2802825, 75934
2812835, 76438
2822845, 76938
2832855, 77437
2842864, 77939
2852874, 78445
2862884, 78949
2872894, 79464
2882904, 79966
2892913, 80483
2902923, 80990
2912933, 81506
2932952, 82539
2942962, 83053
2952972, 83574
2962982, 84091
2972991, 84620
2983001, 85139
2993011, 85663
3003021, 86188
3013031, 86714
3023040, 87245
3033050, 87774
3053070, 88844
3063079, 89376
3073089, 89907
3083099, 90450
3093109, 90989
3103118, 91531
3113128, 92065
3123138, 92615
3133148, 93158
3143157, 93702
3153167, 94249
3163177, 94799
3173187, 95345
3183197, 95898
3193206, 96450
3203216, 97005
3213226, 97564
3223236, 98120
3233245, 98679
3243255, 99236
3253265, 99800
3263275, 100355
3273284, 100922
3283294, 101484
3293304, 102051
3303314, 102614
3313323, 103184
3323333, 103759
3333343, 104325
3343353, 104900
3353363, 105471
3363372, 106049
3373382, 106623
3383392, 107199
3393402, 107780
3403411, 108359
3413421, 108942
3423431, 109520
3433441, 110108
3443450, 110691
3453460, 111276
3463470, 111864
3473480, 112454
3483489, 113045
3493499, 113630
3503509, 114232
3513519, 114821
3523529, 115416
3533538, 116011
3543548, 116607
3553558, 117208
3563568, 117805
3573577, 118409
3583587, 119006
3593597, 119609
3603607, 120214
3613616, 120816
3623626, 121428
3633636, 122036
3643646, 122643
3653656, 123255
3663665, 123862
3673675, 124478
3683685, 125087
3693695, 125701
3703704, 126318
3713714, 126930
3723724, 127552
3733734, 128169
3743743, 128792
3753753, 129411
3763763, 130029
3773773, 130657
3783782, 131278
3793792, 131902
3803802, 132531
3813812, 133155
3823822, 133785
3833831, 134413
3843841, 135045
3853851, 135674
3863861, 136305
3873870, 136939
3883880, 137577
3893890, 138207
3903900, 138851
3913909, 139487
3923919, 140125
3933929, 140767
3943939, 141404
3953948, 142045
3963958, 142689
3973968, 143329
3983978, 143977
3993988, 144623
4003997, 145268
4014007, 145920
4024017, 146566
4034027, 147219
4044036, 147869
4054046, 148519
4064056, 149174
4074066, 149827
4084075, 150480
4094085, 151136
4104095, 151792
4114105, 152448
4124114, 153109
4134124, 153766
4144134, 154427
4154144, 155092
4164154, 155750
4174163, 156414
4184173, 157081
4194183, 157744
4204193, 158410
4214202, 159078
4224212, 159742
4234222, 160413
4244232, 161081
4254241, 161751
4264251, 162427
4274261, 163098
4284271, 163768
4294281, 164449
4304290, 165123
4314300, 165798
4324310, 166479
4334320, 167155
4344329, 167830
4354339, 168514
4364349, 169191
4374359, 169873
4384368, 170559
4394378, 171240
4404388, 171925
4414398, 172615
4424407, 173299
4434417, 173985
4444427, 174677
4454437, 175362
4464447, 176052
4474456, 176748
4484466, 177432
4494476, 178123
4504486, 178822
4514495, 179515
4524505, 180204
4534515, 180907
4544525, 181605
4554534, 182299
4564544, 182998
4574554, 183697
4584564, 184394
4594573, 185093
4604583, 185795
4614593, 186496
4624603, 187199
4634613, 187906
4644622, 188605
4654632, 189313
4664642, 190023
4674652, 190728
4684661, 191433
4694671, 192145
4704681, 192853
4714691, 193559
4724700, 194269
4734710, 194981
4744720, 195693
4754730, 196402
4764739, 197120
4774749, 197834
4784759, 198549
4794769, 199268
4804779, 199982
4814788, 200698
4824798, 201415
4834808, 202131
4844818, 202849
4854827, 203572
4864837, 204294
4874847, 205013
4884857, 205736
4894866, 206462
4904876, 207185
4914886, 207907
4924896, 208635
4934906, 209362
4944915, 210085
4954925, 210809
4964935, 211539
4974945, 212266
4984954, 212991
4994964, 213725
5004974, 214459
5014984, 215188
5024993, 215920
5035003, 216656
5045013, 217389
5055023, 218121
5065032, 218855
5075042, 219592
5085052, 220322
5095062, 221059
5105072, 221805
5115081, 222542
5125091, 223279
5135101, 224019
5145111, 224761
5155120, 225501
5165130, 226237
5175140, 226981
5185150, 227729
5195159, 228465
5215179, 229961
5225189, 230705
5235198, 231450
5245208, 232198
5255218, 232947
5265228, 233693
5275238, 234440
5285247, 235190
5295257, 235946
5305267, 236690
5315277, 237440
5325286, 238198
5335296, 238950
5345306, 239702
5355316, 240456
5365325, 241213
5375335, 241968
5385345, 242721
5395355, 243477
5405364, 244239
5415374, 244990
5425384, 245747
5435394, 246512
5445404, 247274
5455413, 248033
5465423, 248792
5475433, 249556
5485443, 250318
5495452, 251079
5505462, 251839
5515472, 252606
5525482, 253373
5535491, 254137
5545501, 254901
5555511, 255669
5565521, 256437
5575531, 257202
5585540, 257969
5595550, 258741
5605560, 259511
5615570, 260280
5625579, 261047
5635589, 261818
5645599, 262593
5655609, 263364
5665618, 264137
5675628, 264911
5685638, 265684
5695648, 266456
5705657, 267229
5715667, 268005
5725677, 268785
5735687, 269558
5745697, 270332
5755706, 271113
5765716, 271895
5775726, 272675
5785736, 273451
5795745, 274233
5805755, 275016
5815765, 275795
5825775, 276573
5835784, 277354
5845794, 278137
5855804, 278925
5865814, 279705
5875823, 280489
5885833, 281275
5895843, 282062
5905853, 282845
5915863, 283629
5925872, 284424
5935882, 285209
5945892, 285995
5955902, 286778
5965911, 287570
5975921, 288363
5985931, 289152
5995941, 289941
6005950, 290732
6015960, 291526
6025970, 292318
6035980, 293110
6045989, 293899
6055999, 294690
6066009, 295494
6076019, 296286
6086029, 297080
6096038, 297874
6106048, 298672
6116058, 299469
6126068, 300263
6136077, 301059
6146087, 301857
6156097, 302657
6166107, 303456
6176116, 304253
6186126, 305053
6196136, 305855
6206146, 306657
6216156, 307455
6226165, 308255
6236175, 309060
6246185, 309864
6256195, 310666
6266204, 311465
6276214, 312272
6286224, 313075
6296234, 313884
6306243, 314688
6316253, 315493
6326263, 316298
6336273, 317107
6346282, 317915
6356292, 318719
6366302, 319523
6376312, 320339
6386322, 321147
6396331, 321956
6406341, 322763
6416351, 323574
6426361, 324383
6436370, 325197
6446380, 326007
6456390, 326816
6466400, 327623
6476409, 328441
6486419, 329253
6496429, 330066
6506439, 330879
6516448, 331692
6526458, 332508
6536468, 333325
6546478, 334139
6556488, 334953
6566497, 335764
6576507, 336589
6586517, 337406
6596527, 338222
6606536, 339039
6616546, 339857
6626556, 340676
6636566, 341496
6646575, 342315
6656585, 343132
6666595, 343949
6676605, 344778
6686614, 345598
6696624, 346418
6706634, 347239
6716644, 348060
6726654, 348885
6736663, 349710
6746673, 350532
6756683, 351355
6766693, 352175
6776702, 353006
6786712, 353831
6796722, 354656
6806732, 355480
6816741, 356306
6826751, 357134
6836761, 357964
6846771, 358791
6856781, 359616
6866790, 360439
6876800, 361275
6886810, 362103
6896820, 362933
6906829, 363761
6916839, 364590
6926849, 365421
6936859, 366254
6946868, 367086
6956878, 367915
6966888, 368742
6976898, 369579
6986907, 370411
6996917, 371248
7006927, 372081
7016937, 372912
7026947, 373747
7036956, 374581
7046966, 375419
7056976, 376254
7066986, 377086
7076995, 377920
7087005, 378757
7097015, 379596
7107025, 380436
7117034, 381273
7127044, 382108
7137054, 382944
7147064, 383783
7157073, 384625
7167083, 385463
7177093, 386302
7187103, 387141
7197113, 387980
7207122, 388821
7217132, 389666
7227142, 390507
7237152, 391345
7247161, 392186
7257171, 393027
7267181, 393872
7277191, 394715
7287200, 395558
7297210, 396399
7307220, 397242
7317230, 398087
7327239, 398934
7337249, 399778
7347259, 400621
7357269, 401462
7367279, 402308
7377288, 403155
7387298, 404004
7397308, 404849
7407318, 405695
7417327, 406542
7427337, 407388
7437347, 408238
7447357, 409088
7457366, 409932
7467376, 410781
7477386, 411629
7487396, 412479
7497406, 413330
7507415, 414182
7517425, 415032
7527435, 415881
7537445, 416732
7547454, 417582
7557464, 418436
7567474, 419288
7577484, 420139
7587493, 420990
7597503, 421843
7607513, 422698
7617523, 423554
7627532, 424407
7637542, 425260
7647552, 426111
7657562, 426966
7667572, 427823
7677581, 428680
7687591, 429535
7697601, 430391
7707611, 431247
7717620, 432102
7727630, 432960
7737640, 433817
7747650, 434675
7757659, 435532
7767669, 436388
7777679, 437245
7787689, 438105
7797698, 438966
7807708, 439826
7817718, 440684
7827728, 441541
7837738, 442397
7847747, 443260
7867767, 444984
7877777, 445844
7887786, 446705
7897796, 447567
7907806, 448428
7917816, 449292
7927825, 450155
7937835, 451016
7947845, 451878
7957855, 452741
7967864, 453603
7977874, 454468
7987884, 455334
7997894, 456199
8007904, 457062
8017913, 457926
8027923, 458786
8037933, 459653
8047943, 460520
8057952, 461388
8067962, 462253
8077972, 463119
8087982, 463986
8097991, 464852
8108001, 465720
8118011, 466587
8128021, 467453
8138031, 468321
8148040, 469188
8158050, 470056
8168060, 470925
8178070, 471794
8188079, 472666
8198089, 473535
8208099, 474404
8218109, 475268
8228118, 476139
8238128, 477010
8248138, 477881
8258148, 478753
8268157, 479623
8278167, 480493
8288177, 481364
8298187, 482234
8308197, 483107
8318206, 483979
8328216, 484852
8338226, 485725
8348236, 486595
8358245, 487469
8368255, 488343
8378265, 489218
8388275, 490094
8398284, 490968
8408294, 491837
8418304, 492712
8428314, 493586
8438323, 494461
8448333, 495338
8458343, 496216
8468353, 497092
8478363, 497967
8488372, 498841
8498382, 499714
8508392, 500593
8518402, 501470
8528411, 502349
8538421, 503225
8548431, 504103
8558441, 504980
8568450, 505856
8578460, 506735
8588470, 507612
8598480, 508492
8608489, 509369
8618499, 510248
8628509, 511125
8638519, 512004
8648529, 512885
8658538, 513767
8668548, 514648
8678558, 515527
8688568, 516403
8698577, 517283
8708587, 518163
8718597, 519045
8728607, 519928
8738616, 520812
8748626, 521694
8758636, 522575
8768646, 523455
8778656, 524331
8788665, 525215
8798675, 526099
8808685, 526984
8818695, 527867
8828704, 528752
8838714, 529634
8848724, 530518
8858734, 531400
8868743, 532282
8878753, 533170
8888763, 534055
8898773, 534940
8908782, 535820
8918792, 536706
8928802, 537591
8938812, 538477
8948822, 539363
8958831, 540252
8968841, 541134
8978851, 542020
8988861, 542903
8998870, 543788
9008880, 544675
9018890, 545563
9028900, 546454
9038909, 547343
9048919, 548229
9058929, 549110
9068939, 550000
9078948, 550885
9088958, 551774
9098968, 552663
9108978, 553556
9118988, 554444
9128997, 555332
9139007, 556219
9149017, 557103
9159027, 557992
9169036, 558883
9179046, 559774
9189056, 560666
9199066, 561557
9209075, 562447
9219085, 563338
9229095, 564225
9239105, 565112
9249114, 566004
9259124, 566898
9269134, 567788
9279144, 568679
9289154, 569570
9299163, 570462
9309173, 571352
9319183, 572245
9329193, 573138
9339202, 574027
9349212, 574921
9359222, 575812
9369232, 576702
9379241, 577596
9389251, 578488
9399261, 579384
9409271, 580278
9419281, 581173
9429290, 582061
9439300, 582955
9449310, 583846
9459320, 584738
9469329, 585633
9479339, 586530
9489349, 587428
9499359, 588323
9509368, 589217
9519378, 590105
9529388, 591000
9539398, 591893
9549407, 592789
9559417, 593686
9569427, 594584
9579437, 595482
9589447, 596378
9599456, 597271
9609466, 598162
9619476, 599058
9629486, 599954
9639495, 600851
9649505, 601750
9659515, 602650
9669525, 603547
9679534, 604444
9689544, 605339
9699554, 606231
9709564, 607129
9719573, 608027
9729583, 608926
9739593, 609826
9749603, 610724
9759613, 611623
9769622, 612521
9779632, 613419
9789642, 614312
9799652, 615212
9809661, 616112
9819671, 617012
9829681, 617910
9839691, 618810
9849700, 619709
9859710, 620609
9869720, 621507
9879730, 622404
9889739, 623304
9899749, 624207
9909759, 625106
9919769, 626006
9929779, 626907
9939788, 627809
9949798, 628710
9959808, 629612
9969818, 630512
9979827, 631412
9989837, 632314
9999847, 633214
10009857, 634114
10019866, 635015
10029876, 635918
10039886, 636821
10049896, 637724
10059906, 638627
10069915, 639525
10079925, 640427
10089935, 641329
10099945, 642229
10119964, 644035
10129974, 644941
10139984, 645844
10149993, 646748
10160003, 647647
10170013, 648549
10180023, 649451
10190032, 650354
10200042, 651257
10210052, 652163
10220062, 653068
10230072, 653974
10240081, 654878
10250091, 655776
10260101, 656678
10270111, 657582
10280120, 658486
10290130, 659389
10300140, 660297
10310150, 661204
10320159, 662112
10330169, 663016
10340179, 663915
10350189, 664819
10360198, 665724
10370208, 666629
10380218, 667536
10390228, 668444
10400238, 669353
10410247, 670260
10420257, 671165
10430267, 672066
10440277, 672971
10450286, 673877
10460296, 674782
10470306, 675690
10480316, 676599
10490325, 677509
10500335, 678418
10510345, 679324
10520355, 680226
10530364, 681132
10540374, 682039
10550384, 682945
10560394, 683855
10570404, 684765
10580413, 685676
10590423, 686585
10600433, 687493
10610443, 688396
10620452, 689303
10630462, 690210
10640472, 691119
10650482, 692029
10660491, 692940
10670501, 693852
10680511, 694763
10690521, 695671
10700531, 696576
10710540, 697485
10720550, 698393
10730560, 699302
10740570, 700215
10750579, 701127
10760589, 702040
10770599, 702951
10780609, 703861
10790618, 704765
10800628, 705674
10810638, 706583
10820648, 707495
10830657, 708407
10840667, 709321
10850677, 710234
10860687, 711146
10870697, 712057
10880706, 712962
10890716, 713872
10900726, 714782
10910736, 715693
10920745, 716606
10930755, 717520
10940765, 718435
10950775, 719347
10960784, 720258
10970794, 721165
10980804, 722075
10990814, 722986
11000823, 723898
11010833, 724812
11020843, 725726
11040863, 727556
11050872, 728468
11060882, 729376
11070892, 730287
11080902, 731198
11090911, 732110
11100921, 733025
11110931, 733941
11120941, 734858
11130950, 735772
11140960, 736685
11150970, 737594
11160980, 738506
11170989, 739418
11180999, 740331
11191009, 741245
11201019, 742162
11211029, 743080
11221038, 743996
11231048, 744909
11241058, 745820
11251068, 746734
11261077, 747647
11271087, 748560
11281097, 749476
11291107, 750392
11301116, 751311
11311126, 752228
11321136, 753144
11331146, 754055
11341156, 754969
11351165, 755882
11361175, 756797
11371185, 757712
11381195, 758629
11391204, 759548
11401214, 760466
11411224, 761382
11421234, 762293
11431243, 763208
11441253, 764121
11451263, 765036
11471282, 766871
11481292, 767790
11491302, 768708
11501312, 769626
11511322, 770537
11521331, 771454
11531341, 772368
11541351, 773284
11551361, 774202
11561370, 775120
11571380, 776039
11581390, 776958
11591400, 777876
11601409, 778789
11611419, 779706
11621429, 780622
11631439, 781538
11641448, 782457
11651458, 783375
11661468, 784294
11671478, 785213
11681488, 786131
11691497, 787044
11701507, 787964
11711517, 788881
11721527, 789797
11731536, 790716
11741546, 791635
11751556, 792554
11761566, 793474
11771575, 794391
11781585, 795306
11791595, 796227
11801605, 797146
11811614, 798064
11821624, 798983
11831634, 799903
11841644, 800822
11851654, 801741
11861663, 802661
11871673, 803578
11881683, 804498
11891693, 805418
11901702, 806336
11911712, 807257
11921722, 808176
11931732, 809097
11941741, 810016
11951751, 810933
11961761, 811854
11971771, 812771
11981781, 813694
11991790, 814614
12001800, 815535
12011810, 816456
12021820, 817377
12031829, 818296
12041839, 819214
12051849, 820135
12061859, 821054
12071868, 821975
12081878, 822897
12091888, 823820
12101898, 824742
12111907, 825663
12121917, 826584
12131927, 827501
12141937, 828420
12161956, 830264
12171966, 831185
12181976, 832109
12191986, 833033
12201995, 833956
12212005, 834877
12222015, 835796
12232025, 836720
12242034, 837639
12252044, 838561
12262054, 839485
12272064, 840409
12282073, 841335
12292083, 842259
12302093, 843181
12312103, 844098
12322113, 845019
12332122, 845941
12342132, 846863
12352142, 847785
12362152, 848712
12372161, 849638
12382171, 850564
12392181, 851488
12402191, 852406
12412200, 853329
12422210, 854250
12432220, 855173
12442230, 856097
12452239, 857021
12462249, 857948
12472259, 858873
12482269, 859798
12492279, 860719
12502288, 861644
12512298, 862568
12522308, 863490
12532318, 864415
12542327, 865341
12552337, 866266
12562347, 867192
12572357, 868116
12582366, 869037
12592376, 869965
12602386, 870890
12612396, 871814
12622406, 872741
12632415, 873666
12642425, 874592
12652435, 875517
12662445, 876441
12672454, 877364
12682464, 878289
12692474, 879217
12702484, 880142
12712493, 881069
12722503, 881995
12732513, 882921
12742523, 883845
12752532, 884767
12762542, 885693
12772552, 886618
12782562, 887543
12792572, 888470
12802581, 889398
12812591, 890324
12822601, 891250
12832611, 892175
12842620, 893097
12852630, 894023
12862640, 894947
12872650, 895873
12882659, 896801
12892669, 897729
12902679, 898658
12912689, 899585
12922698, 900510
12932708, 901432
12942718, 902357
12952728, 903282
12962738, 904207
12972747, 905134
12982757, 906062
12992767, 906991
13002777, 907920
13012786, 908847
13022796, 909770
13032806, 910697
13042816, 911621
13052825, 912547
13062835, 913475
13082855, 915332
13092864, 916261
13102874, 917188
13112884, 918112
13122894, 919041
13132904, 919968
13142913, 920894
13152923, 921822
13162933, 922751
13172943, 923680
13182952, 924608
13192962, 925536
13202972, 926460
13212982, 927389
13222991, 928319
13233001, 929246
13243011, 930175
13253021, 931104
13263031, 932032
13273040, 932961
13283050, 933887
13293060, 934816
13303070, 935743
13313079, 936672
13323089, 937601
13333099, 938532
13343109, 939462
13353118, 940393
13363128, 941320
13373138, 942245
13383148, 943174
13393157, 944100
13403167, 945030
13413177, 945959
13423187, 946891
13433197, 947824
13443206, 948755
13453216, 949683
13463226, 950609
13473236, 951538
13483245, 952465
13493255, 953394
13503265, 954323
13513275, 955255
13523284, 956187
13533294, 957118
13543304, 958049
13553314, 958974
13563323, 959904
13573333, 960834
13583343, 961760
13593353, 962691
13603363, 963623
13613372, 964555
13623382, 965487
13633392, 966417
13643402, 967343
13653411, 968276
13663421, 969207
13673431, 970136
13683441, 971067
13693450, 971997
13703460, 972929
13713470, 973860
13723480, 974789
13733489, 975721
13743499, 976651
13753509, 977582
13763519, 978514
13773529, 979448
13783538, 980380
13793548, 981312
13803558, 982241
13813568, 983168
13823577, 984099
13833587, 985029
13843597, 985960
13853607, 986891
13863616, 987826
13873626, 988762
13883636, 989695
13893646, 990626
13903656, 991552
13913665, 992484
13923675, 993413
13933685, 994346
13943695, 995277
13953704, 996212
13963714, 997147
13973724, 998081
13983734, 999015
13993743, 999943
14003753, 1000876
14013763, 1001808
14023773, 1002738
14033782, 1003672
14043792, 1004606
14053802, 1005540
14063812, 1006474
14073822, 1007407
14083831, 1008336
14093841, 1009271
14103851, 1010206
14113861, 1011137
14123870, 1012071
14133880, 1013004
14143890, 1013937
14153900, 1014870
14163909, 1015800
14173919, 1016734
14183929, 1017666
14193939, 1018599
14203948, 1019533
14213958, 1020470
14223968, 1021404
14233978, 1022338
14243988, 1023270
14253997, 1024200
14264007, 1025133
14274017, 1026064
14284027, 1026998
14294036, 1027933
14304046, 1028868
14314056, 1029805
14324066, 1030742
14334075, 1031675
14344085, 1032606
14354095, 1033539
14364105, 1034469
14374114, 1035403
14384124, 1036337
14394134, 1037271
14404144, 1038207
14414154, 1039143
14424163, 1040077
14434173, 1041009
14444183, 1041945
14454193, 1042878
14464202, 1043811
14474212, 1044746
14484222, 1045681
14494232, 1046616
14504241, 1047551
14514251, 1048484
14524261, 1049416
14534271, 1050349
14544281, 1051286
14554290, 1052222
14564300, 1053159
14574310, 1054095
14584320, 1055031
14594329, 1055964
14604339, 1056894
14614349, 1057829
14624359, 1058761
14634368, 1059696
14644378, 1060630
14654388, 1061567
14664398, 1062505
14674407, 1063441
14684417, 1064376
14694427, 1065307
14704437, 1066241
14714447, 1067174
14724456, 1068108
14734466, 1069041
14744476, 1069979
14754486, 1070917
14764495, 1071853
14774505, 1072789
14784515, 1073720
14794525, 1074656
14804534, 1075591
14814544, 1076524
14824554, 1077460
14834564, 1078396
14844573, 1079333
14854583, 1080268
14864593, 1081204
14874603, 1082140
14884613, 1083074
14894622, 1084013
14904632, 1084948
14914642, 1085884
14924652, 1086822
14934661, 1087759
14944671, 1088694
14954681, 1089626
14964691, 1090559
14974700, 1091493
14984710, 1092430
14994720, 1093366
15004730, 1094306
15014739, 1095246
15024749, 1096183
15034759, 1097119
15044769, 1098050
15054779, 1098985
15064788, 1099918
15074798, 1100853
15084808, 1101788
15094818, 1102726
15104827, 1103664
15114837, 1104602
15124847, 1105540
15134857, 1106472
15144866, 1107410
15154876, 1108346
15164886, 1109279
15174896, 1110216
15184906, 1111155
15194915, 1112093
15204925, 1113029
15214935, 1113965
15224945, 1114900
15234954, 1115836
15244964, 1116774
15254974, 1117710
15264984, 1118646
15274993, 1119585
15285003, 1120522
15295013, 1121460
15305023, 1122394
15315032, 1123331
15325042, 1124267
15335052, 1125204
15345062, 1126140
15355072, 1127081
15365081, 1128022
15375091, 1128961
15385101, 1129897
15395111, 1130830
15405120, 1131765
15415130, 1132700
15425140, 1133636
15435150, 1134573
15445159, 1135511
15455169, 1136452
15465179, 1137391
15475189, 1138331
15485198, 1139264
15495208, 1140204
15505218, 1141140
15515228, 1142075
15525238, 1143013
15535247, 1143952
15545257, 1144891
15555267, 1145827
15565277, 1146764
15575286, 1147700
15585296, 1148637
15595306, 1149575
15605316, 1150513
15615325, 1151451
15625335, 1152391
15635345, 1153330
15645355, 1154268
15655364, 1155202
15665374, 1156139
15675384, 1157075
15685394, 1158014
15695404, 1158954
15705413, 1159894
15715423, 1160835
15725433, 1161776
15735443, 1162714
15745452, 1163648
15755462, 1164586
15765472, 1165521
15775482, 1166459
15785491, 1167397
15795501, 1168336
15805511, 1169278
15815521, 1170218
15825531, 1171156
15835540, 1172091
15845550, 1173033
15855560, 1173969
15865570, 1174907
15875579, 1175847
15885589, 1176787
15895599, 1177727
15905609, 1178665
15915618, 1179601
15925628, 1180538
15935638, 1181476
15945648, 1182415
15955657, 1183356
15965667, 1184298
15975677, 1185239
15985687, 1186179
15995697, 1187118
16005706, 1188053
16015716, 1188993
16025726, 1189929
16035736, 1190868
16045745, 1191808
16055755, 1192749
16065765, 1193691
16075775, 1194634
16085784, 1195574
16095794, 1196509
16105804, 1197450
16115814, 1198386
16125823, 1199325
16135833, 1200265
16145843, 1201205
16155853, 1202146
16165863, 1203087
16175872, 1204025
16185882, 1204961
16195892, 1205904
16205902, 1206843
16215911, 1207782
16225921, 1208723
16235931, 1209665
16245941, 1210605
16255950, 1211545
16265960, 1212482
16275970, 1213421
16285980, 1214360
16295989, 1215301
16305999, 1216241
16316009, 1217185
16326019, 1218128
16336029, 1219071
16346038, 1220009
16356048, 1220945
16366058, 1221884
16376068, 1222822
16386077, 1223762
16396087, 1224700
16406097, 1225644
16416107, 1226587
16426116, 1227529
16436126, 1228469
16446136, 1229405
16456146, 1230348
16466156, 1231286
16476165, 1232225
16486175, 1233164
16496185, 1234105
16506195, 1235048
16516204, 1235987
16526214, 1236925
16536224, 1237865
16546234, 1238805
16556243, 1239744
16566253, 1240686
16576263, 1241629
16586273, 1242572
16596282, 1243514
16606292, 1244454
16616302, 1245387
16626312, 1246328
16636322, 1247265
16646331, 1248204
16656341, 1249145
16666351, 1250087
16676361, 1251030
16686370, 1251974
16696380, 1252915
16706390, 1253850
16716400, 1254790
16726409, 1255730
16736419, 1256669
16746429, 1257610
16756439, 1258552
16766448, 1259493
16776458, 1260435
16786468, 1261374
16796478, 1262311
16806488, 1263254
16816497, 1264194
16826507, 1265134
16836517, 1266076
16846527, 1267018
16856536, 1267959
16866546, 1268899
16876556, 1269836
16886566, 1270773
16896575, 1271713
16906585, 1272654
16916595, 1273595
16926605, 1274539
16936614, 1275483
16946624, 1276426
16956634, 1277365
16966644, 1278302
16976654, 1279242
16986663, 1280180
16996673, 1281121
17006683, 1282060
17016693, 1283002
17026702, 1283946
17036712, 1284889
17046722, 1285830
17056732, 1286768
17066741, 1287712
17086761, 1289592
17096771, 1290535
17106781, 1291477
17116790, 1292420
17126800, 1293361
17136810, 1294299
17146820, 1295239
17156829, 1296180
17166839, 1297122
17176849, 1298065
17186859, 1299010
17196868, 1299953
17206878, 1300896
17216888, 1301837
17226898, 1302774
17236907, 1303715
17246917, 1304654
17256927, 1305594
17266937, 1306536
17276947, 1307479
17286956, 1308423
17296966, 1309367
17306976, 1310310
17316986, 1311244
17326995, 1312187
17337005, 1313128
17347015, 1314068
17357025, 1315011
17367034, 1315954
17377044, 1316898
17387054, 1317839
17397064, 1318779
17407073, 1319720
17417083, 1320662
17427093, 1321605
17437103, 1322548
17447113, 1323491
17457122, 1324435
17467132, 1325378
17477142, 1326320
17487152, 1327257
17497161, 1328199
17507171, 1329138
17517181, 1330079
17527191, 1331023
17537200, 1331967
17547210, 1332912
17557220, 1333858
17567230, 1334799
17577239, 1335736
17587249, 1336677
17597259, 1337617
17607269, 1338558
17617279, 1339500
17627288, 1340444
17637298, 1341387
17647308, 1342330
17657318, 1343271
17667327, 1344209
17677337, 1345153
17687347, 1346096
17697357, 1347038
17707366, 1347981
17717376, 1348925
17727386, 1349869
17737396, 1350810
17747406, 1351748
17757415, 1352689
17767425, 1353630
17777435, 1354573
17787445, 1355515
17797454, 1356462
17807464, 1357409
17817474, 1358353
17827484, 1359295
17837493, 1360234
17847503, 1361176
17857513, 1362115
17867523, 1363058
17877532, 1364002
17887542, 1364944
17897552, 1365890
17907562, 1366835
17917572, 1367777
17927581, 1368716
17937591, 1369660
17947601, 1370603
17957611, 1371544
17967620, 1372488
17977630, 1373432
17987640, 1374377
17997650, 1375320
18007659, 1376256
18017669, 1377199
18027679, 1378140
18037689, 1379081
18047698, 1380025
18057708, 1380972
18067718, 1381918
18077728, 1382862
18097747, 1384743
18107757, 1385684
18117767, 1386624
18127777, 1387566
18137786, 1388508
18147796, 1389454
18157806, 1390401
18167816, 1391346
18177825, 1392289
18187835, 1393229
18197845, 1394174
18207855, 1395115
18217864, 1396058
18227874, 1397002
18237884, 1397947
18247894, 1398892
18257904, 1399836
18267913, 1400776
18277923, 1401719
18287933, 1402662
18297943, 1403605
18307952, 1404551
18317962, 1405497
18327972, 1406442
18337982, 1407388
18347991, 1408331
18358001, 1409270
18368011, 1410212
18378021, 1411153
18388031, 1412095
18398040, 1413038
18408050, 1413985
18418060, 1414931
18428070, 1415876
18438079, 1416820
18448089, 1417758
18458099, 1418703
18468109, 1419646
18478118, 1420588
18488128, 1421531
18498138, 1422478
18508148, 1423423
18518157, 1424365
18528167, 1425307
18538177, 1426251
18548187, 1427193
18558197, 1428137
18568206, 1429081
18578216, 1430027
18588226, 1430973
18598236, 1431919
18608245, 1432862
18618255, 1433801
18628265, 1434745
18638275, 1435687
18648284, 1436628
18658294, 1437573
18668304, 1438520
18678314, 1439467
18688323, 1440413
18698333, 1441358
18708343, 1442294
18718353, 1443240
18728363, 1444182
18738372, 1445125
18748382, 1446069
18758392, 1447016
18768402, 1447962
18778411, 1448905
18788421, 1449847
18808441, 1451734
18818450, 1452679
18828460, 1453623
18838470, 1454568
18848480, 1455514
18858489, 1456459
18868499, 1457403
18878509, 1458345
18888519, 1459289
18898529, 1460231
18908538, 1461175
18918548, 1462120
18928558, 1463067
18938568, 1464016
18948577, 1464963
18958587, 1465909
18968597, 1466848
18978607, 1467793
18988616, 1468735
18998626, 1469678
19008636, 1470623
19018646, 1471569
19028656, 1472514
19038665, 1473459
19048675, 1474404
19058685, 1475346
19068695, 1476291
19078704, 1477238
19088714, 1478182
19098724, 1479128
19108734, 1480075
19118743, 1481021
19128753, 1481966
19138763, 1482907
19148773, 1483851
19158782, 1484794
19168792, 1485738
19178802, 1486684
19188812, 1487630
19198822, 1488578
19208831, 1489527
19218841, 1490472
19228851, 1491413
19238861, 1492359
19248870, 1493301
19268890, 1495188
19278900, 1496135
19288909, 1497079
19298919, 1498025
19308929, 1498971
19318939, 1499913
19328948, 1500859
19338958, 1501805
19348968, 1502750
19358978, 1503697
19368988, 1504643
19378997, 1505590
19389007, 1506535
19399017, 1507476
19409027, 1508421
19419036, 1509363
19429046, 1510306
19439056, 1511252
19449066, 1512201
19459075, 1513149
19469085, 1514098
19479095, 1515043
19489105, 1515983
19499114, 1516929
19509124, 1517873
19519134, 1518817
19529144, 1519764
19539154, 1520712
19549163, 1521659
19559173, 1522605
19569183, 1523550
19579193, 1524492
19589202, 1525440
19599212, 1526386
19609222, 1527332
19619232, 1528279
19629241, 1529227
19639251, 1530174
19649261, 1531119
19659271, 1532061
19669281, 1533006
19679290, 1533948
19689300, 1534893
19699310, 1535840
19709320, 1536789
19719329, 1537737
19729339, 1538686
19739349, 1539632
19749359, 1540572
19759368, 1541519
19769378, 1542462
19779388, 1543406
19789398, 1544352
19799407, 1545301
19809417, 1546248
19819427, 1547193
19829437, 1548138
19839447, 1549082
19849456, 1550028
19859466, 1550974
19869476, 1551920
19879486, 1552867
19889495, 1553815
19899505, 1554762
19909515, 1555707
19919525, 1556649
19929534, 1557594
19939544, 1558537
19949554, 1559482
19959564, 1560429
19969573, 1561379
19979583, 1562327
19989593, 1563276
19999603, 1564223
20009613, 1565163
20019622, 1566111
20029632, 1567055
20039642, 1568000
20049652, 1568946
20059661, 1569895
20069671, 1570842
20079681, 1571787
20089691, 1572732
20099700, 1573675
20109710, 1574621
20119720, 1575569
20129730, 1576515
20139739, 1577463
20149749, 1578412
20159759, 1579360
20169769, 1580305
20179779, 1581247
20189788, 1582193
20199798, 1583138
20209808, 1584082
20219818, 1585028
20229827, 1585978
20239837, 1586926
20249847, 1587875
20259857, 1588822
20269866, 1589762
20279876, 1590710
20289886, 1591656
20299896, 1592600
20309906, 1593546
20319915, 1594494
20329925, 1595442
20339935, 1596388
20349945, 1597334
20359954, 1598280
20369964, 1599226
20379974, 1600172
20389984, 1601120
20399993, 1602069
20410003, 1603018
20420013, 1603966
20430023, 1604913
20440032, 1605854
20450042, 1606801
20460052, 1607745
20470062, 1608690
20480072, 1609636
20490081, 1610586
20500091, 1611534
20510101, 1612482
20520111, 1613430
20530120, 1614369
20540130, 1615317
20550140, 1616262
20560150, 1617208
20570159, 1618155
20580169, 1619103
20590179, 1620050
20600189, 1620997
20610198, 1621941
20620208, 1622889
20630218, 1623835
20640228, 1624780
20650238, 1625728
20660247, 1626678
20670257, 1627626
20680267, 1628574
20690277, 1629521
20700286, 1630462
20710296, 1631407
20720306, 1632352
20730316, 1633298
20740325, 1634244
20750335, 1635194
20760345, 1636143
20770355, 1637091
20780364, 1638038
20790374, 1638979
20800384, 1639927
20810394, 1640873
20820404, 1641818
20830413, 1642765
20840423, 1643713
20850433, 1644661
20860443, 1645608
20870452, 1646551
20880462, 1647496
20890472, 1648442
20900482, 1649390
20910491, 1650338
20920501, 1651288
20930511, 1652238
20940521, 1653187
20950531, 1654135
20960540, 1655078
20970550, 1656025
20980560, 1656969
20990570, 1657915
21000579, 1658862
21010589, 1659812
21020599, 1660762
21030609, 1661710
21040618, 1662657
21050628, 1663601
21060638, 1664550
21070648, 1665496
21080657, 1666442
21090667, 1667390
21100677, 1668338
21110687, 1669287
21120697, 1670234
21130706, 1671179
21140716, 1672124
21150726, 1673073
21160736, 1674020
21170745, 1674968
21180755, 1675919
21190765, 1676869
21200775, 1677819
21210784, 1678766
21220794, 1679710
21230804, 1680656
21240814, 1681601
21250823, 1682547
21260833, 1683494
21270843, 1684444
21280853, 1685393
21290863, 1686342
21300872, 1687289
21310882, 1688232
21320892, 1689181
21330902, 1690129
21340911, 1691076
21350921, 1692024
21360931, 1692974
21370941, 1693922
21380950, 1694870
21390960, 1695813
21400970, 1696757
21410980, 1697706
21420989, 1698652
21430999, 1699600
21441009, 1700551
21451019, 1701502
21461029, 1702451
21471038, 1703399
21481048, 1704340
21491058, 1705286
21501068, 1706231
21511077, 1707177
21521087, 1708125
21531097, 1709075
21541107, 1710024
21551116, 1710973
21561126, 1711919
21571136, 1712863
21581146, 1713813
21591156, 1714762
21601165, 1715709
21611175, 1716657
21621185, 1717607
21631195, 1718556
21641204, 1719503
21651214, 1720446
21661224, 1721392
21671234, 1722338
21681243, 1723285
21691253, 1724234
21701263, 1725184
21711273, 1726134
21721282, 1727085
21731292, 1728033
21741302, 1728976
21751312, 1729923
21761322, 1730870
21771331, 1731815
21781341, 1732763
21791351, 1733712
21801361, 1734661
21811370, 1735609
21821380, 1736555
21831390, 1737500
21841400, 1738446
21851409, 1739395
21861419, 1740343
21871429, 1741293
21881439, 1742241
21891448, 1743191
21901458, 1744138
21911468, 1745080
21921478, 1746026
21931488, 1746972
21941497, 1747917
21951507, 1748865
21961517, 1749815
21981536, 1751714
21991546, 1752663
22001556, 1753603
22011566, 1754553
22021575, 1755499
22031585, 1756445
22041595, 1757393
22051605, 1758342
22061614, 1759291
22071624, 1760238
22081634, 1761183
22091644, 1762128
22101654, 1763074
22111663, 1764023
22121673, 1764972
22131683, 1765923
22141693, 1766873
22151702, 1767823
22161712, 1768770
22171722, 1769712
22181732, 1770660
22191741, 1771606
22201751, 1772552
22211761, 1773500
22221771, 1774451
22231781, 1775400
22241790, 1776349
22251800, 1777297
22261810, 1778239
22271820, 1779187
22281829, 1780135
22291839, 1781081
22301849, 1782030
22311859, 1782979
22321868, 1783928
22331878, 1784877
22341888, 1785820
22351898, 1786768
22361907, 1787716
22371917, 1788663
22381927, 1789613
22391937, 1790564
22401947, 1791514
22411956, 1792463
22421966, 1793411
22431976, 1794355
22441986, 1795302
22451995, 1796248
22462005, 1797196
22472015, 1798143
22482025, 1799093
22492034, 1800044
22502044, 1800994
22512054, 1801941
22522064, 1802885
22532073, 1803836
22542083, 1804783
22552093, 1805730
22562103, 1806680
22572113, 1807629
22582122, 1808577
22592132, 1809526
22602142, 1810471
22612152, 1811417
22622161, 1812365
22632171, 1813313
22642181, 1814261
22652191, 1815213
22662200, 1816165
22672210, 1817115
22682220, 1818064
22692230, 1819007
22702239, 1819956
22712249, 1820901
22722259, 1821848
22732269, 1822797
22742279, 1823746
22752288, 1824696
22762298, 1825646
22772308, 1826594
22782318, 1827539
22792327, 1828491
22802337, 1829440
22812347, 1830388
22822357, 1831338
22832366, 1832288
22842376, 1833237
22852386, 1834185
22862396, 1835129
22872406, 1836076
22882415, 1837022
22892425, 1837971
22902435, 1838920
22912445, 1839871
22922454, 1840822
22932464, 1841773
22942474, 1842721
22952484, 1843663
22962493, 1844614
22972503, 1845561
22982513, 1846508
22992523, 1847457
23002532, 1848407
23012542, 1849356
23022552, 1850304
23032562, 1851251
23042572, 1852199
23052581, 1853147
23062591, 1854097
23072601, 1855047
23082611, 1855997
23092620, 1856946
23102630, 1857896
23112640, 1858843
23122650, 1859788
23132659, 1860735
23142669, 1861682
23152679, 1862629
23162689, 1863578
23172698, 1864529
23182708, 1865479
23192718, 1866430
23202728, 1867379
23212738, 1868325
23222747, 1869275
23232757, 1870223
23242767, 1871171
23252777, 1872120
23262786, 1873070
23272796, 1874020
23282806, 1874969
23292816, 1875914
23302825, 1876863
23312835, 1877811
23322845, 1878761
23332855, 1879710
23342864, 1880663
23352874, 1881614
23362884, 1882563
23372894, 1883512
23382904, 1884456
23392913, 1885406
23402923, 1886353
23412933, 1887301
23422943, 1888250
23432952, 1889199
23442962, 1890150
23452972, 1891100
23462982, 1892049
23472991, 1892993
23483001, 1893945
23503021, 1895841
23513031, 1896792
23523040, 1897742
23533050, 1898691
23543060, 1899641
23553070, 1900586
23563079, 1901533
23573089, 1902483
23583099, 1903432
23593109, 1904383
23603118, 1905334
23613128, 1906286
23623138, 1907237
23633148, 1908186
23643157, 1909131
23653167, 1910080
23663177, 1911027
23673187, 1911976
23683197, 1912926
23693206, 1913876
23703216, 1914827
23713226, 1915777
23733245, 1917671
23743255, 1918623
23753265, 1919572
23763275, 1920521
23773284, 1921472
23783294, 1922422
23793304, 1923372
23803314, 1924321
23813323, 1925266
23823333, 1926217
23833343, 1927164
23843353, 1928113
23853363, 1929063
23863372, 1930015
23873382, 1930967
23883392, 1931919
23893402, 1932869
23903411, 1933812
23913421, 1934763
23923431, 1935711
23933441, 1936659
23943450, 1937608
23953460, 1938559
23963470, 1939510
23973480, 1940459
23983489, 1941406
23993499, 1942354
24003509, 1943303
24013519, 1944252
24023529, 1945202
24033538, 1946155
24043548, 1947106
24053558, 1948057
24063568, 1949006
24073577, 1949950
24083587, 1950898
24093597, 1951847
24103607, 1952795
24113616, 1953744
24123626, 1954697
24133636, 1955649
24143646, 1956599
24153656, 1957548
24163665, 1958493
24173675, 1959446
24183685, 1960395
24193695, 1961344
24203704, 1962295
24213714, 1963245
24223724, 1964195
24233734, 1965143
24243743, 1966086
24253753, 1967035
24263763, 1967986
24273773, 1968936
24283782, 1969887
24293792, 1970840
24303802, 1971792
24313812, 1972743
24323822, 1973691
24333831, 1974637
24343841, 1975587
24353851, 1976534
24363861, 1977484
24373870, 1978433
24383880, 1979384
24393890, 1980336
24403900, 1981286
24413909, 1982234
24423919, 1983182
24433929, 1984135
24443939, 1985085
24453948, 1986035
24463958, 1986986
24473968, 1987936
24483978, 1988886
24493988, 1989834
24503997, 1990779
24514007, 1991727
24524017, 1992675
24534027, 1993626
24554046, 1995528
24564056, 1996481
24574066, 1997433
24584075, 1998382
24594085, 1999326
24604095, 2000278
24614105, 2001226
24624114, 2002175
24634124, 2003124
24644134, 2004075
24654144, 2005025
24664154, 2005974
24674163, 2006920
24684173, 2007869
24694183, 2008818
24704193, 2009770
24714202, 2010721
24724212, 2011673
24734222, 2012623
24744232, 2013573
24754241, 2014522
24764251, 2015466
24774261, 2016416
24784271, 2017364
24794281, 2018313
24804290, 2019263
24814300, 2020215
24824310, 2021167
24834320, 2022118
24844329, 2023067
24854339, 2024013
24864349, 2024966
24874359, 2025915
24884368, 2026865
24894378, 2027816
24904388, 2028766
24914398, 2029717
24924407, 2030667
24934417, 2031610
24944427, 2032561
24954437, 2033511
24964447, 2034461
24974456, 2035412
24984466, 2036365
24994476, 2037318
25004486, 2038268
25014495, 2039217
25024505, 2040162
25034515, 2041111
25044525, 2042058
25054534, 2043008
25064544, 2043958
25074554, 2044909
25084564, 2045861
25094573, 2046811
25104583, 2047759
25124603, 2049659
25134613, 2050610
25144622, 2051560
25154632, 2052510
25164642, 2053461
25174652, 2054411
25184661, 2055360
25194671, 2056307
25204681, 2057258
25214691, 2058206
25224700, 2059157
25234710, 2060109
25244720, 2061060
25254730, 2062012
25264739, 2062965
25274749, 2063914
25284759, 2064857
25294769, 2065809
25304779, 2066757
25314788, 2067707
25324798, 2068657
25334808, 2069609
25344818, 2070560
25354827, 2071509
25364837, 2072456
25374847, 2073406
25384857, 2074357
25394866, 2075308
25404876, 2076259
25414886, 2077212
25424896, 2078163
25434906, 2079114
25454925, 2081008
25464935, 2081959
25474945, 2082908
25484954, 2083858
25494964, 2084809
25504974, 2085762
25514984, 2086714
25524993, 2087664
25535003, 2088614
25545013, 2089560
25555023, 2090514
25565032, 2091462
25575042, 2092411
25585052, 2093362
25595062, 2094313
25605072, 2095264
25615081, 2096214
25625091, 2097159
25635101, 2098108
25645111, 2099057
25655120, 2100009
25665130, 2100959
25675140, 2101914
25695159, 2103818
25705169, 2104767
25715179, 2105713
25725189, 2106662
25735198, 2107610
25745208, 2108560
25755218, 2109512
25765228, 2110463
25775238, 2111415
25785247, 2112365
25795257, 2113313
25805267, 2114259
25815277, 2115212
25825286, 2116163
25835296, 2117112
25845306, 2118065
25855316, 2119017
25865325, 2119967
25875335, 2120915
25885345, 2121861
25895355, 2122811
25905364, 2123761
25915374, 2124709
25925384, 2125661
25935394, 2126612
25945404, 2127564
25955413, 2128516
25965423, 2129466
25975433, 2130409
25985443, 2131362
25995452, 2132311
26005462, 2133260
26015472, 2134210
26025482, 2135161
26035491, 2136112
26045501, 2137061
26055511, 2138008
26065521, 2138957
26075531, 2139905
26085540, 2140857
26095550, 2141808
26105560, 2142761
26115570, 2143713
26125579, 2144664
26135589, 2145613
26145599, 2146559
26155609, 2147509
26165618, 2148458
26175628, 2149407
26185638, 2150356
26195648, 2151309
26205657, 2152261
26215667, 2153212
26225677, 2154162
26235687, 2155107
26245697, 2156060
26255706, 2157009
26265716, 2157958
26275726, 2158909
26285736, 2159859
26295745, 2160809
26305755, 2161760
26315765, 2162706
26325775, 2163655
26335784, 2164607
26345794, 2165558
26355804, 2166507
26365814, 2167461
26375823, 2168414
26385833, 2169365
26395843, 2170315
26405853, 2171260
26415863, 2172210
26425872, 2173158
26435882, 2174108
26445892, 2175059
26455902, 2176011
26465911, 2176963
26475921, 2177914
26485931, 2178862
26495941, 2179810
26505950, 2180762
26515960, 2181714
26525970, 2182664
26535980, 2183616
26545989, 2184568
26555999, 2185519
26566009, 2186468
26576019, 2187414
26586029, 2188364
26596038, 2189313
26606048, 2190262
26616058, 2191214
26626068, 2192168
26636077, 2193120
26646087, 2194072
26656097, 2195023
26666107, 2195968
26676116, 2196920
26686126, 2197870
26696136, 2198820
26706146, 2199770
26716156, 2200721
26726165, 2201674
26736175, 2202624
26746185, 2203571
26756195, 2204521
26766204, 2205471
26776214, 2206421
26786224, 2207372
26796234, 2208326
26806243, 2209279
26816253, 2210229
26826263, 2211179
26836273, 2212125
26846282, 2213074
26856292, 2214022
26866302, 2214973
26876312, 2215922
26886322, 2216875
26896331, 2217828
26906341, 2218779
26916351, 2219728
26926361, 2220673
26936370, 2221626
26946380, 2222576
26956390, 2223525
26966400, 2224476
26976409, 2225428
26986419, 2226380
26996429, 2227331
27006439, 2228277
27016448, 2229225
27026458, 2230175
27046478, 2232076
27056488, 2233030
27066497, 2233984
27076507, 2234938
27086517, 2235888
27096527, 2236834
27106536, 2237783
27116546, 2238732
27126556, 2239679
27136566, 2240631
27146575, 2241583
27156585, 2242535
27166595, 2243486
27176605, 2244435
27186614, 2245384
27196624, 2246335
27206634, 2247287
27216644, 2248238
27226654, 2249190
27236663, 2250141
27246673, 2251093
27256683, 2252043
27266693, 2252987
27276702, 2253935
27286712, 2254884
27296722, 2255833
27306732, 2256783
27316741, 2257737
27326751, 2258690
27336761, 2259642
27346771, 2260593
27356781, 2261538
27366790, 2262491
27376800, 2263440
27386810, 2264389
27396820, 2265340
27406829, 2266291
27416839, 2267243
27426849, 2268194
27436859, 2269142
27446868, 2270091
27456878, 2271041
27466888, 2271991
27476898, 2272941
27486907, 2273896
27496917, 2274849
27506927, 2275801
27516937, 2276751
27526947, 2277697
27536956, 2278647
27546966, 2279594
27556976, 2280543
27566986, 2281493
27576995, 2282444
27587005, 2283397
27597015, 2284350
27607025, 2285299
27627044, 2287198
27637054, 2288149
27647064, 2289098
27657073, 2290051
27667083, 2291002
27677093, 2291954
27687103, 2292905
27697113, 2293851
27707122, 2294800
27717132, 2295750
27727142, 2296699
27737152, 2297649
27747161, 2298602
27757171, 2299556
27767181, 2300509
27777191, 2301460
27787200, 2302406
27797210, 2303357
27807220, 2304306
27817230, 2305254
27827239, 2306206
27837249, 2307159
27847259, 2308111
27857269, 2309063
27867279, 2310011
27877288, 2310960
27887298, 2311909
27897308, 2312861
27907318, 2313813
27917327, 2314765
27927337, 2315718
27937347, 2316670
27947357, 2317621
27957366, 2318566
27967376, 2319517
27977386, 2320466
27987396, 2321415
27997406, 2322364
28007415, 2323318
28017425, 2324270
28027435, 2325221
28037445, 2326172
28047454, 2327119
28057464, 2328070
28077484, 2329969
28087493, 2330920
28097503, 2331872
28107513, 2332824
28117523, 2333776
28127532, 2334723
28137542, 2335671
28147552, 2336622
28157562, 2337573
28167572, 2338524
28177581, 2339478
28187591, 2340432
28197601, 2341384
28207611, 2342335
28217620, 2343281
28227630, 2344231
28237640, 2345179
28247650, 2346129
28257659, 2347080
28267669, 2348033
28277679, 2348985
28287689, 2349938
28297698, 2350887
28307708, 2351833
28317718, 2352786
28327728, 2353737
28337738, 2354687
28347747, 2355637
28357757, 2356591
28367767, 2357543
28377777, 2358493
28387786, 2359439
28397796, 2360388
28407806, 2361336
28417816, 2362286
28427825, 2363237
28437835, 2364191
28447845, 2365143
28457855, 2366097
28467864, 2367049
28477874, 2367993
28487884, 2368946
28497894, 2369894
28507904, 2370843
28517913, 2371793
28527923, 2372745
28537933, 2373697
28547943, 2374649
28557952, 2375599
28567962, 2376548
28577972, 2377498
28587982, 2378448
28597991, 2379400
28608001, 2380354
28618011, 2381306
28628021, 2382258
28638031, 2383210
28648040, 2384155
28658050, 2385104
28668060, 2386052
28678070, 2387002
28688079, 2387952
28698089, 2388904
28708099, 2389858
28718109, 2390810
28728118, 2391760
28738128, 2392707
28748138, 2393662
28758148, 2394613
28768157, 2395562
28778167, 2396513
28788177, 2397465
28798187, 2398417
28808197, 2399368
28818206, 2400315
28828216, 2401263
28838226, 2402213
28848236, 2403163
28858245, 2404114
28868255, 2405068
28878265, 2406022
28888275, 2406975
28898284, 2407926
28908294, 2408873
28918304, 2409823
28928314, 2410772
28938323, 2411720
28948333, 2412672
28958343, 2413626
28968353, 2414578
28978363, 2415529
